input_units,label_unit
"['DrMundo', 'Alistar', 'Seraphine', 'Veigar', 'Mordekaiser', 'Brand', 'Kobuko', 'Viego']",Zyra
"['Zyra', 'Alistar', 'Seraphine', 'Veigar', 'Mordekaiser', 'Brand', 'Kobuko', 'Viego']",DrMundo
"['Zyra', 'DrMundo', 'Seraphine', 'Veigar', 'Mordekaiser', 'Brand', 'Kobuko', 'Viego']",Alistar
"['Zyra', 'DrMundo', 'Alistar', 'Veigar', 'Mordekaiser', 'Brand', 'Kobuko', 'Viego']",Seraphine
"['Zyra', 'DrMundo', 'Alistar', 'Seraphine', 'Mordekaiser', 'Brand', 'Kobuko', 'Viego']",Veigar
"['Zyra', 'DrMundo', 'Alistar', 'Seraphine', 'Veigar', 'Brand', 'Kobuko', 'Viego']",Mordekaiser
"['Zyra', 'DrMundo', 'Alistar', 'Seraphine', 'Veigar', 'Mordekaiser', 'Kobuko', 'Viego']",Brand
"['Zyra', 'DrMundo', 'Alistar', 'Seraphine', 'Veigar', 'Mordekaiser', 'Brand', 'Viego']",Kobuko
"['Zyra', 'DrMundo', 'Alistar', 'Seraphine', 'Veigar', 'Mordekaiser', 'Brand', 'Kobuko']",Viego
"['Poppy', 'Gragas', 'MissFortune', 'Zac', 'Renekton', 'Garen', 'Kobuko', 'Aurora']",Morgana
"['Morgana', 'Gragas', 'MissFortune', 'Zac', 'Renekton', 'Garen', 'Kobuko', 'Aurora']",Poppy
"['Morgana', 'Poppy', 'MissFortune', 'Zac', 'Renekton', 'Garen', 'Kobuko', 'Aurora']",Gragas
"['Morgana', 'Poppy', 'Gragas', 'Zac', 'Renekton', 'Garen', 'Kobuko', 'Aurora']",MissFortune
"['Morgana', 'Poppy', 'Gragas', 'MissFortune', 'Renekton', 'Garen', 'Kobuko', 'Aurora']",Zac
"['Morgana', 'Poppy', 'Gragas', 'MissFortune', 'Zac', 'Garen', 'Kobuko', 'Aurora']",Renekton
"['Morgana', 'Poppy', 'Gragas', 'MissFortune', 'Zac', 'Renekton', 'Kobuko', 'Aurora']",Garen
"['Morgana', 'Poppy', 'Gragas', 'MissFortune', 'Zac', 'Renekton', 'Garen', 'Aurora']",Kobuko
"['Morgana', 'Poppy', 'Gragas', 'MissFortune', 'Zac', 'Renekton', 'Garen', 'Kobuko']",Aurora
"['Draven', 'Senna', 'Galio', 'Zed', 'Sejuani', 'Zeri', 'Renekton', 'Garen']",Jax
"['Jax', 'Senna', 'Galio', 'Zed', 'Sejuani', 'Zeri', 'Renekton', 'Garen']",Draven
"['Jax', 'Draven', 'Galio', 'Zed', 'Sejuani', 'Zeri', 'Renekton', 'Garen']",Senna
"['Jax', 'Draven', 'Senna', 'Zed', 'Sejuani', 'Zeri', 'Renekton', 'Garen']",Galio
"['Jax', 'Draven', 'Senna', 'Galio', 'Sejuani', 'Zeri', 'Renekton', 'Garen']",Zed
"['Jax', 'Draven', 'Senna', 'Galio', 'Zed', 'Zeri', 'Renekton', 'Garen']",Sejuani
"['Jax', 'Draven', 'Senna', 'Galio', 'Zed', 'Sejuani', 'Renekton', 'Garen']",Zeri
"['Jax', 'Draven', 'Senna', 'Galio', 'Zed', 'Sejuani', 'Zeri', 'Garen']",Renekton
"['Jax', 'Draven', 'Senna', 'Galio', 'Zed', 'Sejuani', 'Zeri', 'Renekton']",Garen
"['Darius', 'Skarner', 'Braum', 'Senna', 'Jarvan', 'Zed', 'Garen']",DrMundo
"['DrMundo', 'Skarner', 'Braum', 'Senna', 'Jarvan', 'Zed', 'Garen']",Darius
"['DrMundo', 'Darius', 'Braum', 'Senna', 'Jarvan', 'Zed', 'Garen']",Skarner
"['DrMundo', 'Darius', 'Skarner', 'Senna', 'Jarvan', 'Zed', 'Garen']",Braum
"['DrMundo', 'Darius', 'Skarner', 'Braum', 'Jarvan', 'Zed', 'Garen']",Senna
"['DrMundo', 'Darius', 'Skarner', 'Braum', 'Senna', 'Zed', 'Garen']",Jarvan
"['DrMundo', 'Darius', 'Skarner', 'Braum', 'Senna', 'Jarvan', 'Garen']",Zed
"['DrMundo', 'Darius', 'Skarner', 'Braum', 'Senna', 'Jarvan', 'Zed']",Garen
['Sylas'],Shaco
['Shaco'],Sylas
"['Fiddlesticks', 'Vex', 'Chogath', 'Zac', 'Garen', 'Urgot', 'Kobuko', 'Viego', 'TwistedFate']",KogMaw
"['KogMaw', 'Vex', 'Chogath', 'Zac', 'Garen', 'Urgot', 'Kobuko', 'Viego', 'TwistedFate']",Fiddlesticks
"['KogMaw', 'Fiddlesticks', 'Chogath', 'Zac', 'Garen', 'Urgot', 'Kobuko', 'Viego', 'TwistedFate']",Vex
"['KogMaw', 'Fiddlesticks', 'Vex', 'Zac', 'Garen', 'Urgot', 'Kobuko', 'Viego', 'TwistedFate']",Chogath
"['KogMaw', 'Fiddlesticks', 'Vex', 'Chogath', 'Garen', 'Urgot', 'Kobuko', 'Viego', 'TwistedFate']",Zac
"['KogMaw', 'Fiddlesticks', 'Vex', 'Chogath', 'Zac', 'Urgot', 'Kobuko', 'Viego', 'TwistedFate']",Garen
"['KogMaw', 'Fiddlesticks', 'Vex', 'Chogath', 'Zac', 'Garen', 'Kobuko', 'Viego', 'TwistedFate']",Urgot
"['KogMaw', 'Fiddlesticks', 'Vex', 'Chogath', 'Zac', 'Garen', 'Urgot', 'Viego', 'TwistedFate']",Kobuko
"['KogMaw', 'Fiddlesticks', 'Vex', 'Chogath', 'Zac', 'Garen', 'Urgot', 'Kobuko', 'TwistedFate']",Viego
"['KogMaw', 'Fiddlesticks', 'Vex', 'Chogath', 'Zac', 'Garen', 'Urgot', 'Kobuko', 'Viego']",TwistedFate
"['DrMundo', 'Alistar', 'Seraphine', 'Veigar', 'Mordekaiser', 'Brand', 'Samira', 'Kobuko', 'Viego']",Zyra
"['Zyra', 'Alistar', 'Seraphine', 'Veigar', 'Mordekaiser', 'Brand', 'Samira', 'Kobuko', 'Viego']",DrMundo
"['Zyra', 'DrMundo', 'Seraphine', 'Veigar', 'Mordekaiser', 'Brand', 'Samira', 'Kobuko', 'Viego']",Alistar
"['Zyra', 'DrMundo', 'Alistar', 'Veigar', 'Mordekaiser', 'Brand', 'Samira', 'Kobuko', 'Viego']",Seraphine
"['Zyra', 'DrMundo', 'Alistar', 'Seraphine', 'Mordekaiser', 'Brand', 'Samira', 'Kobuko', 'Viego']",Veigar
"['Zyra', 'DrMundo', 'Alistar', 'Seraphine', 'Veigar', 'Brand', 'Samira', 'Kobuko', 'Viego']",Mordekaiser
"['Zyra', 'DrMundo', 'Alistar', 'Seraphine', 'Veigar', 'Mordekaiser', 'Samira', 'Kobuko', 'Viego']",Brand
"['Zyra', 'DrMundo', 'Alistar', 'Seraphine', 'Veigar', 'Mordekaiser', 'Brand', 'Kobuko', 'Viego']",Samira
"['Zyra', 'DrMundo', 'Alistar', 'Seraphine', 'Veigar', 'Mordekaiser', 'Brand', 'Samira', 'Viego']",Kobuko
"['Zyra', 'DrMundo', 'Alistar', 'Seraphine', 'Veigar', 'Mordekaiser', 'Brand', 'Samira', 'Kobuko']",Viego
"['Darius', 'Rhaast', 'Braum', 'Elise', 'Gragas', 'MissFortune', 'Vex', 'Aurora']",Morgana
"['Morgana', 'Rhaast', 'Braum', 'Elise', 'Gragas', 'MissFortune', 'Vex', 'Aurora']",Darius
"['Morgana', 'Darius', 'Braum', 'Elise', 'Gragas', 'MissFortune', 'Vex', 'Aurora']",Rhaast
"['Morgana', 'Darius', 'Rhaast', 'Elise', 'Gragas', 'MissFortune', 'Vex', 'Aurora']",Braum
"['Morgana', 'Darius', 'Rhaast', 'Braum', 'Gragas', 'MissFortune', 'Vex', 'Aurora']",Elise
"['Morgana', 'Darius', 'Rhaast', 'Braum', 'Elise', 'MissFortune', 'Vex', 'Aurora']",Gragas
"['Morgana', 'Darius', 'Rhaast', 'Braum', 'Elise', 'Gragas', 'Vex', 'Aurora']",MissFortune
"['Morgana', 'Darius', 'Rhaast', 'Braum', 'Elise', 'Gragas', 'MissFortune', 'Aurora']",Vex
"['Morgana', 'Darius', 'Rhaast', 'Braum', 'Elise', 'Gragas', 'MissFortune', 'Vex']",Aurora
"['Jax', 'Jhin', 'Naafiri', 'Varus', 'Mordekaiser', 'Gragas', 'Sejuani', 'Zeri']",Kindred
"['Kindred', 'Jhin', 'Naafiri', 'Varus', 'Mordekaiser', 'Gragas', 'Sejuani', 'Zeri']",Jax
"['Kindred', 'Jax', 'Naafiri', 'Varus', 'Mordekaiser', 'Gragas', 'Sejuani', 'Zeri']",Jhin
"['Kindred', 'Jax', 'Jhin', 'Varus', 'Mordekaiser', 'Gragas', 'Sejuani', 'Zeri']",Naafiri
"['Kindred', 'Jax', 'Jhin', 'Naafiri', 'Mordekaiser', 'Gragas', 'Sejuani', 'Zeri']",Varus
"['Kindred', 'Jax', 'Jhin', 'Naafiri', 'Varus', 'Gragas', 'Sejuani', 'Zeri']",Mordekaiser
"['Kindred', 'Jax', 'Jhin', 'Naafiri', 'Varus', 'Mordekaiser', 'Sejuani', 'Zeri']",Gragas
"['Kindred', 'Jax', 'Jhin', 'Naafiri', 'Varus', 'Mordekaiser', 'Gragas', 'Zeri']",Sejuani
"['Kindred', 'Jax', 'Jhin', 'Naafiri', 'Varus', 'Mordekaiser', 'Gragas', 'Sejuani']",Zeri
"['Poppy', 'Elise', 'Gragas', 'MissFortune', 'Zac', 'Renekton', 'Kobuko', 'Aurora']",Morgana
"['Morgana', 'Elise', 'Gragas', 'MissFortune', 'Zac', 'Renekton', 'Kobuko', 'Aurora']",Poppy
"['Morgana', 'Poppy', 'Gragas', 'MissFortune', 'Zac', 'Renekton', 'Kobuko', 'Aurora']",Elise
"['Morgana', 'Poppy', 'Elise', 'MissFortune', 'Zac', 'Renekton', 'Kobuko', 'Aurora']",Gragas
"['Morgana', 'Poppy', 'Elise', 'Gragas', 'Zac', 'Renekton', 'Kobuko', 'Aurora']",MissFortune
"['Morgana', 'Poppy', 'Elise', 'Gragas', 'MissFortune', 'Renekton', 'Kobuko', 'Aurora']",Zac
"['Morgana', 'Poppy', 'Elise', 'Gragas', 'MissFortune', 'Zac', 'Kobuko', 'Aurora']",Renekton
"['Morgana', 'Poppy', 'Elise', 'Gragas', 'MissFortune', 'Zac', 'Renekton', 'Aurora']",Kobuko
"['Morgana', 'Poppy', 'Elise', 'Gragas', 'MissFortune', 'Zac', 'Renekton', 'Kobuko']",Aurora
"['DrMundo', 'Ekko', 'LeBlanc', 'Rengar', 'Neeko', 'Brand', 'Ziggs', 'Samira', 'Kobuko']",Zyra
"['Zyra', 'Ekko', 'LeBlanc', 'Rengar', 'Neeko', 'Brand', 'Ziggs', 'Samira', 'Kobuko']",DrMundo
"['Zyra', 'DrMundo', 'LeBlanc', 'Rengar', 'Neeko', 'Brand', 'Ziggs', 'Samira', 'Kobuko']",Ekko
"['Zyra', 'DrMundo', 'Ekko', 'Rengar', 'Neeko', 'Brand', 'Ziggs', 'Samira', 'Kobuko']",LeBlanc
"['Zyra', 'DrMundo', 'Ekko', 'LeBlanc', 'Neeko', 'Brand', 'Ziggs', 'Samira', 'Kobuko']",Rengar
"['Zyra', 'DrMundo', 'Ekko', 'LeBlanc', 'Rengar', 'Brand', 'Ziggs', 'Samira', 'Kobuko']",Neeko
"['Zyra', 'DrMundo', 'Ekko', 'LeBlanc', 'Rengar', 'Neeko', 'Ziggs', 'Samira', 'Kobuko']",Brand
"['Zyra', 'DrMundo', 'Ekko', 'LeBlanc', 'Rengar', 'Neeko', 'Brand', 'Samira', 'Kobuko']",Ziggs
"['Zyra', 'DrMundo', 'Ekko', 'LeBlanc', 'Rengar', 'Neeko', 'Brand', 'Ziggs', 'Kobuko']",Samira
"['Zyra', 'DrMundo', 'Ekko', 'LeBlanc', 'Rengar', 'Neeko', 'Brand', 'Ziggs', 'Samira']",Kobuko
"['Ekko', 'Naafiri', 'Yuumi', 'Neeko', 'Ziggs', 'Annie', 'Samira', 'Zac', 'Viego', 'Skarner']",NidaleeCougar
"['NidaleeCougar', 'Naafiri', 'Yuumi', 'Neeko', 'Ziggs', 'Annie', 'Samira', 'Zac', 'Viego', 'Skarner']",Ekko
"['NidaleeCougar', 'Ekko', 'Yuumi', 'Neeko', 'Ziggs', 'Annie', 'Samira', 'Zac', 'Viego', 'Skarner']",Naafiri
"['NidaleeCougar', 'Ekko', 'Naafiri', 'Neeko', 'Ziggs', 'Annie', 'Samira', 'Zac', 'Viego', 'Skarner']",Yuumi
"['NidaleeCougar', 'Ekko', 'Naafiri', 'Yuumi', 'Ziggs', 'Annie', 'Samira', 'Zac', 'Viego', 'Skarner']",Neeko
"['NidaleeCougar', 'Ekko', 'Naafiri', 'Yuumi', 'Neeko', 'Annie', 'Samira', 'Zac', 'Viego', 'Skarner']",Ziggs
"['NidaleeCougar', 'Ekko', 'Naafiri', 'Yuumi', 'Neeko', 'Ziggs', 'Samira', 'Zac', 'Viego', 'Skarner']",Annie
"['NidaleeCougar', 'Ekko', 'Naafiri', 'Yuumi', 'Neeko', 'Ziggs', 'Annie', 'Zac', 'Viego', 'Skarner']",Samira
"['NidaleeCougar', 'Ekko', 'Naafiri', 'Yuumi', 'Neeko', 'Ziggs', 'Annie', 'Samira', 'Viego', 'Skarner']",Zac
"['NidaleeCougar', 'Ekko', 'Naafiri', 'Yuumi', 'Neeko', 'Ziggs', 'Annie', 'Samira', 'Zac', 'Skarner']",Viego
"['NidaleeCougar', 'Ekko', 'Naafiri', 'Yuumi', 'Neeko', 'Ziggs', 'Annie', 'Samira', 'Zac', 'Viego']",Skarner
"['Vayne', 'Illaoi', 'Vex', 'Xayah', 'Leona', 'Renekton', 'Garen', 'Urgot', 'Aurora']",Sylas
"['Sylas', 'Illaoi', 'Vex', 'Xayah', 'Leona', 'Renekton', 'Garen', 'Urgot', 'Aurora']",Vayne
"['Sylas', 'Vayne', 'Vex', 'Xayah', 'Leona', 'Renekton', 'Garen', 'Urgot', 'Aurora']",Illaoi
"['Sylas', 'Vayne', 'Illaoi', 'Xayah', 'Leona', 'Renekton', 'Garen', 'Urgot', 'Aurora']",Vex
"['Sylas', 'Vayne', 'Illaoi', 'Vex', 'Leona', 'Renekton', 'Garen', 'Urgot', 'Aurora']",Xayah
"['Sylas', 'Vayne', 'Illaoi', 'Vex', 'Xayah', 'Renekton', 'Garen', 'Urgot', 'Aurora']",Leona
"['Sylas', 'Vayne', 'Illaoi', 'Vex', 'Xayah', 'Leona', 'Garen', 'Urgot', 'Aurora']",Renekton
"['Sylas', 'Vayne', 'Illaoi', 'Vex', 'Xayah', 'Leona', 'Renekton', 'Urgot', 'Aurora']",Garen
"['Sylas', 'Vayne', 'Illaoi', 'Vex', 'Xayah', 'Leona', 'Renekton', 'Garen', 'Aurora']",Urgot
"['Sylas', 'Vayne', 'Illaoi', 'Vex', 'Xayah', 'Leona', 'Renekton', 'Garen', 'Urgot']",Aurora
"['Renekton', 'Urgot', 'Kobuko', 'Aurora', 'Viego']",Renekton
"['Renekton', 'Urgot', 'Kobuko', 'Aurora', 'Viego']",Renekton
"['Renekton', 'Renekton', 'Kobuko', 'Aurora', 'Viego']",Urgot
"['Renekton', 'Renekton', 'Urgot', 'Aurora', 'Viego']",Kobuko
"['Renekton', 'Renekton', 'Urgot', 'Kobuko', 'Viego']",Aurora
"['Renekton', 'Renekton', 'Urgot', 'Kobuko', 'Aurora']",Viego
"['NidaleeCougar', 'Kindred', 'Poppy', 'Veigar', 'Shyvana', 'Jhin', 'Elise', 'SummonLevel4']",Morgana
"['Morgana', 'Kindred', 'Poppy', 'Veigar', 'Shyvana', 'Jhin', 'Elise', 'SummonLevel4']",NidaleeCougar
"['Morgana', 'NidaleeCougar', 'Poppy', 'Veigar', 'Shyvana', 'Jhin', 'Elise', 'SummonLevel4']",Kindred
"['Morgana', 'NidaleeCougar', 'Kindred', 'Veigar', 'Shyvana', 'Jhin', 'Elise', 'SummonLevel4']",Poppy
"['Morgana', 'NidaleeCougar', 'Kindred', 'Poppy', 'Shyvana', 'Jhin', 'Elise', 'SummonLevel4']",Veigar
"['Morgana', 'NidaleeCougar', 'Kindred', 'Poppy', 'Veigar', 'Jhin', 'Elise', 'SummonLevel4']",Shyvana
"['Morgana', 'NidaleeCougar', 'Kindred', 'Poppy', 'Veigar', 'Shyvana', 'Elise', 'SummonLevel4']",Jhin
"['Morgana', 'NidaleeCougar', 'Kindred', 'Poppy', 'Veigar', 'Shyvana', 'Jhin', 'SummonLevel4']",Elise
"['Jax', 'Poppy', 'Jhin', 'Illaoi', 'Elise', 'Galio', 'Sejuani', 'Renekton', 'Aurora']",Morgana
"['Morgana', 'Poppy', 'Jhin', 'Illaoi', 'Elise', 'Galio', 'Sejuani', 'Renekton', 'Aurora']",Jax
"['Morgana', 'Jax', 'Jhin', 'Illaoi', 'Elise', 'Galio', 'Sejuani', 'Renekton', 'Aurora']",Poppy
"['Morgana', 'Jax', 'Poppy', 'Illaoi', 'Elise', 'Galio', 'Sejuani', 'Renekton', 'Aurora']",Jhin
"['Morgana', 'Jax', 'Poppy', 'Jhin', 'Elise', 'Galio', 'Sejuani', 'Renekton', 'Aurora']",Illaoi
"['Morgana', 'Jax', 'Poppy', 'Jhin', 'Illaoi', 'Galio', 'Sejuani', 'Renekton', 'Aurora']",Elise
"['Morgana', 'Jax', 'Poppy', 'Jhin', 'Illaoi', 'Elise', 'Sejuani', 'Renekton', 'Aurora']",Galio
"['Morgana', 'Jax', 'Poppy', 'Jhin', 'Illaoi', 'Elise', 'Galio', 'Renekton', 'Aurora']",Sejuani
"['Morgana', 'Jax', 'Poppy', 'Jhin', 'Illaoi', 'Elise', 'Galio', 'Sejuani', 'Aurora']",Renekton
"['Morgana', 'Jax', 'Poppy', 'Jhin', 'Illaoi', 'Elise', 'Galio', 'Sejuani', 'Renekton']",Aurora
"['Jax', 'Jhin', 'Naafiri', 'Varus', 'Mordekaiser', 'Sejuani', 'Zeri', 'Garen', 'Aurora']",Kindred
"['Kindred', 'Jhin', 'Naafiri', 'Varus', 'Mordekaiser', 'Sejuani', 'Zeri', 'Garen', 'Aurora']",Jax
"['Kindred', 'Jax', 'Naafiri', 'Varus', 'Mordekaiser', 'Sejuani', 'Zeri', 'Garen', 'Aurora']",Jhin
"['Kindred', 'Jax', 'Jhin', 'Varus', 'Mordekaiser', 'Sejuani', 'Zeri', 'Garen', 'Aurora']",Naafiri
"['Kindred', 'Jax', 'Jhin', 'Naafiri', 'Mordekaiser', 'Sejuani', 'Zeri', 'Garen', 'Aurora']",Varus
"['Kindred', 'Jax', 'Jhin', 'Naafiri', 'Varus', 'Sejuani', 'Zeri', 'Garen', 'Aurora']",Mordekaiser
"['Kindred', 'Jax', 'Jhin', 'Naafiri', 'Varus', 'Mordekaiser', 'Zeri', 'Garen', 'Aurora']",Sejuani
"['Kindred', 'Jax', 'Jhin', 'Naafiri', 'Varus', 'Mordekaiser', 'Sejuani', 'Garen', 'Aurora']",Zeri
"['Kindred', 'Jax', 'Jhin', 'Naafiri', 'Varus', 'Mordekaiser', 'Sejuani', 'Zeri', 'Aurora']",Garen
"['Kindred', 'Jax', 'Jhin', 'Naafiri', 'Varus', 'Mordekaiser', 'Sejuani', 'Zeri', 'Garen']",Aurora
"['LeBlanc', 'Draven', 'Jarvan', 'Galio', 'Zed', 'Zeri', 'Renekton', 'Garen', 'Viego']",Vi
"['Vi', 'Draven', 'Jarvan', 'Galio', 'Zed', 'Zeri', 'Renekton', 'Garen', 'Viego']",LeBlanc
"['Vi', 'LeBlanc', 'Jarvan', 'Galio', 'Zed', 'Zeri', 'Renekton', 'Garen', 'Viego']",Draven
"['Vi', 'LeBlanc', 'Draven', 'Galio', 'Zed', 'Zeri', 'Renekton', 'Garen', 'Viego']",Jarvan
"['Vi', 'LeBlanc', 'Draven', 'Jarvan', 'Zed', 'Zeri', 'Renekton', 'Garen', 'Viego']",Galio
"['Vi', 'LeBlanc', 'Draven', 'Jarvan', 'Galio', 'Zeri', 'Renekton', 'Garen', 'Viego']",Zed
"['Vi', 'LeBlanc', 'Draven', 'Jarvan', 'Galio', 'Zed', 'Renekton', 'Garen', 'Viego']",Zeri
"['Vi', 'LeBlanc', 'Draven', 'Jarvan', 'Galio', 'Zed', 'Zeri', 'Garen', 'Viego']",Renekton
"['Vi', 'LeBlanc', 'Draven', 'Jarvan', 'Galio', 'Zed', 'Zeri', 'Renekton', 'Viego']",Garen
"['Vi', 'LeBlanc', 'Draven', 'Jarvan', 'Galio', 'Zed', 'Zeri', 'Renekton', 'Garen']",Viego
"['Poppy', 'Gragas', 'MissFortune', 'Zac', 'Renekton', 'Garen', 'Kobuko', 'Aurora']",Morgana
"['Morgana', 'Gragas', 'MissFortune', 'Zac', 'Renekton', 'Garen', 'Kobuko', 'Aurora']",Poppy
"['Morgana', 'Poppy', 'MissFortune', 'Zac', 'Renekton', 'Garen', 'Kobuko', 'Aurora']",Gragas
"['Morgana', 'Poppy', 'Gragas', 'Zac', 'Renekton', 'Garen', 'Kobuko', 'Aurora']",MissFortune
"['Morgana', 'Poppy', 'Gragas', 'MissFortune', 'Renekton', 'Garen', 'Kobuko', 'Aurora']",Zac
"['Morgana', 'Poppy', 'Gragas', 'MissFortune', 'Zac', 'Garen', 'Kobuko', 'Aurora']",Renekton
"['Morgana', 'Poppy', 'Gragas', 'MissFortune', 'Zac', 'Renekton', 'Kobuko', 'Aurora']",Garen
"['Morgana', 'Poppy', 'Gragas', 'MissFortune', 'Zac', 'Renekton', 'Garen', 'Aurora']",Kobuko
"['Morgana', 'Poppy', 'Gragas', 'MissFortune', 'Zac', 'Renekton', 'Garen', 'Kobuko']",Aurora
"['Mordekaiser', 'Neeko', 'Brand', 'Ziggs', 'Zac', 'Garen', 'Kobuko']",Ekko
"['Ekko', 'Neeko', 'Brand', 'Ziggs', 'Zac', 'Garen', 'Kobuko']",Mordekaiser
"['Ekko', 'Mordekaiser', 'Brand', 'Ziggs', 'Zac', 'Garen', 'Kobuko']",Neeko
"['Ekko', 'Mordekaiser', 'Neeko', 'Ziggs', 'Zac', 'Garen', 'Kobuko']",Brand
"['Ekko', 'Mordekaiser', 'Neeko', 'Brand', 'Zac', 'Garen', 'Kobuko']",Ziggs
"['Ekko', 'Mordekaiser', 'Neeko', 'Brand', 'Ziggs', 'Garen', 'Kobuko']",Zac
"['Ekko', 'Mordekaiser', 'Neeko', 'Brand', 'Ziggs', 'Zac', 'Kobuko']",Garen
"['Ekko', 'Mordekaiser', 'Neeko', 'Brand', 'Ziggs', 'Zac', 'Garen']",Kobuko
[],Zyra
"['Rengar', 'Fiddlesticks', 'Chogath', 'Zac', 'Garen', 'Urgot', 'Kobuko', 'Viego', 'Garen']",KogMaw
"['KogMaw', 'Fiddlesticks', 'Chogath', 'Zac', 'Garen', 'Urgot', 'Kobuko', 'Viego', 'Garen']",Rengar
"['KogMaw', 'Rengar', 'Chogath', 'Zac', 'Garen', 'Urgot', 'Kobuko', 'Viego', 'Garen']",Fiddlesticks
"['KogMaw', 'Rengar', 'Fiddlesticks', 'Zac', 'Garen', 'Urgot', 'Kobuko', 'Viego', 'Garen']",Chogath
"['KogMaw', 'Rengar', 'Fiddlesticks', 'Chogath', 'Garen', 'Urgot', 'Kobuko', 'Viego', 'Garen']",Zac
"['KogMaw', 'Rengar', 'Fiddlesticks', 'Chogath', 'Zac', 'Urgot', 'Kobuko', 'Viego', 'Garen']",Garen
"['KogMaw', 'Rengar', 'Fiddlesticks', 'Chogath', 'Zac', 'Garen', 'Kobuko', 'Viego', 'Garen']",Urgot
"['KogMaw', 'Rengar', 'Fiddlesticks', 'Chogath', 'Zac', 'Garen', 'Urgot', 'Viego', 'Garen']",Kobuko
"['KogMaw', 'Rengar', 'Fiddlesticks', 'Chogath', 'Zac', 'Garen', 'Urgot', 'Kobuko', 'Garen']",Viego
"['KogMaw', 'Rengar', 'Fiddlesticks', 'Chogath', 'Zac', 'Garen', 'Urgot', 'Kobuko', 'Viego']",Garen
"['LeBlanc', 'Draven', 'Jarvan', 'Galio', 'Zed', 'Zeri', 'Renekton']",Vi
"['Vi', 'Draven', 'Jarvan', 'Galio', 'Zed', 'Zeri', 'Renekton']",LeBlanc
"['Vi', 'LeBlanc', 'Jarvan', 'Galio', 'Zed', 'Zeri', 'Renekton']",Draven
"['Vi', 'LeBlanc', 'Draven', 'Galio', 'Zed', 'Zeri', 'Renekton']",Jarvan
"['Vi', 'LeBlanc', 'Draven', 'Jarvan', 'Zed', 'Zeri', 'Renekton']",Galio
"['Vi', 'LeBlanc', 'Draven', 'Jarvan', 'Galio', 'Zeri', 'Renekton']",Zed
"['Vi', 'LeBlanc', 'Draven', 'Jarvan', 'Galio', 'Zed', 'Renekton']",Zeri
"['Vi', 'LeBlanc', 'Draven', 'Jarvan', 'Galio', 'Zed', 'Zeri']",Renekton
"['KogMaw', 'TwistedFate', 'Draven', 'Galio', 'Zed', 'Zeri', 'Renekton']",Kindred
"['Kindred', 'TwistedFate', 'Draven', 'Galio', 'Zed', 'Zeri', 'Renekton']",KogMaw
"['Kindred', 'KogMaw', 'Draven', 'Galio', 'Zed', 'Zeri', 'Renekton']",TwistedFate
"['Kindred', 'KogMaw', 'TwistedFate', 'Galio', 'Zed', 'Zeri', 'Renekton']",Draven
"['Kindred', 'KogMaw', 'TwistedFate', 'Draven', 'Zed', 'Zeri', 'Renekton']",Galio
"['Kindred', 'KogMaw', 'TwistedFate', 'Draven', 'Galio', 'Zeri', 'Renekton']",Zed
"['Kindred', 'KogMaw', 'TwistedFate', 'Draven', 'Galio', 'Zed', 'Renekton']",Zeri
"['Kindred', 'KogMaw', 'TwistedFate', 'Draven', 'Galio', 'Zed', 'Zeri']",Renekton
"['Fiddlesticks', 'Vex', 'Chogath', 'Zac', 'Garen', 'Urgot', 'Kobuko', 'Aurora', 'Viego', 'Viego']",Skarner
"['Skarner', 'Vex', 'Chogath', 'Zac', 'Garen', 'Urgot', 'Kobuko', 'Aurora', 'Viego', 'Viego']",Fiddlesticks
"['Skarner', 'Fiddlesticks', 'Chogath', 'Zac', 'Garen', 'Urgot', 'Kobuko', 'Aurora', 'Viego', 'Viego']",Vex
"['Skarner', 'Fiddlesticks', 'Vex', 'Zac', 'Garen', 'Urgot', 'Kobuko', 'Aurora', 'Viego', 'Viego']",Chogath
"['Skarner', 'Fiddlesticks', 'Vex', 'Chogath', 'Garen', 'Urgot', 'Kobuko', 'Aurora', 'Viego', 'Viego']",Zac
"['Skarner', 'Fiddlesticks', 'Vex', 'Chogath', 'Zac', 'Urgot', 'Kobuko', 'Aurora', 'Viego', 'Viego']",Garen
"['Skarner', 'Fiddlesticks', 'Vex', 'Chogath', 'Zac', 'Garen', 'Kobuko', 'Aurora', 'Viego', 'Viego']",Urgot
"['Skarner', 'Fiddlesticks', 'Vex', 'Chogath', 'Zac', 'Garen', 'Urgot', 'Aurora', 'Viego', 'Viego']",Kobuko
"['Skarner', 'Fiddlesticks', 'Vex', 'Chogath', 'Zac', 'Garen', 'Urgot', 'Kobuko', 'Viego', 'Viego']",Aurora
"['Skarner', 'Fiddlesticks', 'Vex', 'Chogath', 'Zac', 'Garen', 'Urgot', 'Kobuko', 'Aurora', 'Viego']",Viego
"['Skarner', 'Fiddlesticks', 'Vex', 'Chogath', 'Zac', 'Garen', 'Urgot', 'Kobuko', 'Aurora', 'Viego']",Viego
"['Gragas', 'Vex', 'Chogath', 'Zac', 'Garen', 'Urgot', 'Kobuko', 'Viego', 'Samira']",Alistar
"['Alistar', 'Vex', 'Chogath', 'Zac', 'Garen', 'Urgot', 'Kobuko', 'Viego', 'Samira']",Gragas
"['Alistar', 'Gragas', 'Chogath', 'Zac', 'Garen', 'Urgot', 'Kobuko', 'Viego', 'Samira']",Vex
"['Alistar', 'Gragas', 'Vex', 'Zac', 'Garen', 'Urgot', 'Kobuko', 'Viego', 'Samira']",Chogath
"['Alistar', 'Gragas', 'Vex', 'Chogath', 'Garen', 'Urgot', 'Kobuko', 'Viego', 'Samira']",Zac
"['Alistar', 'Gragas', 'Vex', 'Chogath', 'Zac', 'Urgot', 'Kobuko', 'Viego', 'Samira']",Garen
"['Alistar', 'Gragas', 'Vex', 'Chogath', 'Zac', 'Garen', 'Kobuko', 'Viego', 'Samira']",Urgot
"['Alistar', 'Gragas', 'Vex', 'Chogath', 'Zac', 'Garen', 'Urgot', 'Viego', 'Samira']",Kobuko
"['Alistar', 'Gragas', 'Vex', 'Chogath', 'Zac', 'Garen', 'Urgot', 'Kobuko', 'Samira']",Viego
"['Alistar', 'Gragas', 'Vex', 'Chogath', 'Zac', 'Garen', 'Urgot', 'Kobuko', 'Viego']",Samira
"['Fiddlesticks', 'Vex', 'Chogath', 'Zac', 'Garen', 'Urgot', 'Kobuko', 'Viego', 'Jarvan']",KogMaw
"['KogMaw', 'Vex', 'Chogath', 'Zac', 'Garen', 'Urgot', 'Kobuko', 'Viego', 'Jarvan']",Fiddlesticks
"['KogMaw', 'Fiddlesticks', 'Chogath', 'Zac', 'Garen', 'Urgot', 'Kobuko', 'Viego', 'Jarvan']",Vex
"['KogMaw', 'Fiddlesticks', 'Vex', 'Zac', 'Garen', 'Urgot', 'Kobuko', 'Viego', 'Jarvan']",Chogath
"['KogMaw', 'Fiddlesticks', 'Vex', 'Chogath', 'Garen', 'Urgot', 'Kobuko', 'Viego', 'Jarvan']",Zac
"['KogMaw', 'Fiddlesticks', 'Vex', 'Chogath', 'Zac', 'Urgot', 'Kobuko', 'Viego', 'Jarvan']",Garen
"['KogMaw', 'Fiddlesticks', 'Vex', 'Chogath', 'Zac', 'Garen', 'Kobuko', 'Viego', 'Jarvan']",Urgot
"['KogMaw', 'Fiddlesticks', 'Vex', 'Chogath', 'Zac', 'Garen', 'Urgot', 'Viego', 'Jarvan']",Kobuko
"['KogMaw', 'Fiddlesticks', 'Vex', 'Chogath', 'Zac', 'Garen', 'Urgot', 'Kobuko', 'Jarvan']",Viego
"['KogMaw', 'Fiddlesticks', 'Vex', 'Chogath', 'Zac', 'Garen', 'Urgot', 'Kobuko', 'Viego']",Jarvan
"['Fiddlesticks', 'Vex', 'Chogath', 'Garen', 'Urgot', 'Kobuko', 'Aurora', 'Viego', 'Kobuko']",Skarner
"['Skarner', 'Vex', 'Chogath', 'Garen', 'Urgot', 'Kobuko', 'Aurora', 'Viego', 'Kobuko']",Fiddlesticks
"['Skarner', 'Fiddlesticks', 'Chogath', 'Garen', 'Urgot', 'Kobuko', 'Aurora', 'Viego', 'Kobuko']",Vex
"['Skarner', 'Fiddlesticks', 'Vex', 'Garen', 'Urgot', 'Kobuko', 'Aurora', 'Viego', 'Kobuko']",Chogath
"['Skarner', 'Fiddlesticks', 'Vex', 'Chogath', 'Urgot', 'Kobuko', 'Aurora', 'Viego', 'Kobuko']",Garen
"['Skarner', 'Fiddlesticks', 'Vex', 'Chogath', 'Garen', 'Kobuko', 'Aurora', 'Viego', 'Kobuko']",Urgot
"['Skarner', 'Fiddlesticks', 'Vex', 'Chogath', 'Garen', 'Urgot', 'Aurora', 'Viego', 'Kobuko']",Kobuko
"['Skarner', 'Fiddlesticks', 'Vex', 'Chogath', 'Garen', 'Urgot', 'Kobuko', 'Viego', 'Kobuko']",Aurora
"['Skarner', 'Fiddlesticks', 'Vex', 'Chogath', 'Garen', 'Urgot', 'Kobuko', 'Aurora', 'Kobuko']",Viego
"['Skarner', 'Fiddlesticks', 'Vex', 'Chogath', 'Garen', 'Urgot', 'Kobuko', 'Aurora', 'Viego']",Kobuko
"['Rhaast', 'Senna', 'Jarvan', 'Aphelios', 'Renekton', 'Garen', 'Urgot', 'Viego', 'Sejuani']",Graves
"['Graves', 'Senna', 'Jarvan', 'Aphelios', 'Renekton', 'Garen', 'Urgot', 'Viego', 'Sejuani']",Rhaast
"['Graves', 'Rhaast', 'Jarvan', 'Aphelios', 'Renekton', 'Garen', 'Urgot', 'Viego', 'Sejuani']",Senna
"['Graves', 'Rhaast', 'Senna', 'Aphelios', 'Renekton', 'Garen', 'Urgot', 'Viego', 'Sejuani']",Jarvan
"['Graves', 'Rhaast', 'Senna', 'Jarvan', 'Renekton', 'Garen', 'Urgot', 'Viego', 'Sejuani']",Aphelios
"['Graves', 'Rhaast', 'Senna', 'Jarvan', 'Aphelios', 'Garen', 'Urgot', 'Viego', 'Sejuani']",Renekton
"['Graves', 'Rhaast', 'Senna', 'Jarvan', 'Aphelios', 'Renekton', 'Urgot', 'Viego', 'Sejuani']",Garen
"['Graves', 'Rhaast', 'Senna', 'Jarvan', 'Aphelios', 'Renekton', 'Garen', 'Viego', 'Sejuani']",Urgot
"['Graves', 'Rhaast', 'Senna', 'Jarvan', 'Aphelios', 'Renekton', 'Garen', 'Urgot', 'Sejuani']",Viego
"['Graves', 'Rhaast', 'Senna', 'Jarvan', 'Aphelios', 'Renekton', 'Garen', 'Urgot', 'Viego']",Sejuani
[],Illaoi
"['Fiddlesticks', 'Vex', 'Chogath', 'Zac', 'Garen', 'Urgot', 'Kobuko', 'Viego', 'Sejuani']",Skarner
"['Skarner', 'Vex', 'Chogath', 'Zac', 'Garen', 'Urgot', 'Kobuko', 'Viego', 'Sejuani']",Fiddlesticks
"['Skarner', 'Fiddlesticks', 'Chogath', 'Zac', 'Garen', 'Urgot', 'Kobuko', 'Viego', 'Sejuani']",Vex
"['Skarner', 'Fiddlesticks', 'Vex', 'Zac', 'Garen', 'Urgot', 'Kobuko', 'Viego', 'Sejuani']",Chogath
"['Skarner', 'Fiddlesticks', 'Vex', 'Chogath', 'Garen', 'Urgot', 'Kobuko', 'Viego', 'Sejuani']",Zac
"['Skarner', 'Fiddlesticks', 'Vex', 'Chogath', 'Zac', 'Urgot', 'Kobuko', 'Viego', 'Sejuani']",Garen
"['Skarner', 'Fiddlesticks', 'Vex', 'Chogath', 'Zac', 'Garen', 'Kobuko', 'Viego', 'Sejuani']",Urgot
"['Skarner', 'Fiddlesticks', 'Vex', 'Chogath', 'Zac', 'Garen', 'Urgot', 'Viego', 'Sejuani']",Kobuko
"['Skarner', 'Fiddlesticks', 'Vex', 'Chogath', 'Zac', 'Garen', 'Urgot', 'Kobuko', 'Sejuani']",Viego
"['Skarner', 'Fiddlesticks', 'Vex', 'Chogath', 'Zac', 'Garen', 'Urgot', 'Kobuko', 'Viego']",Sejuani
"['Poppy', 'Elise', 'Gragas', 'MissFortune', 'Zac', 'Renekton', 'Kobuko', 'Aurora']",Morgana
"['Morgana', 'Elise', 'Gragas', 'MissFortune', 'Zac', 'Renekton', 'Kobuko', 'Aurora']",Poppy
"['Morgana', 'Poppy', 'Gragas', 'MissFortune', 'Zac', 'Renekton', 'Kobuko', 'Aurora']",Elise
"['Morgana', 'Poppy', 'Elise', 'MissFortune', 'Zac', 'Renekton', 'Kobuko', 'Aurora']",Gragas
"['Morgana', 'Poppy', 'Elise', 'Gragas', 'Zac', 'Renekton', 'Kobuko', 'Aurora']",MissFortune
"['Morgana', 'Poppy', 'Elise', 'Gragas', 'MissFortune', 'Renekton', 'Kobuko', 'Aurora']",Zac
"['Morgana', 'Poppy', 'Elise', 'Gragas', 'MissFortune', 'Zac', 'Kobuko', 'Aurora']",Renekton
"['Morgana', 'Poppy', 'Elise', 'Gragas', 'MissFortune', 'Zac', 'Renekton', 'Aurora']",Kobuko
"['Morgana', 'Poppy', 'Elise', 'Gragas', 'MissFortune', 'Zac', 'Renekton', 'Kobuko']",Aurora
"['DrMundo', 'Alistar', 'Seraphine', 'Mordekaiser', 'Gragas', 'Brand', 'Chogath', 'Kobuko']",Zyra
"['Zyra', 'Alistar', 'Seraphine', 'Mordekaiser', 'Gragas', 'Brand', 'Chogath', 'Kobuko']",DrMundo
"['Zyra', 'DrMundo', 'Seraphine', 'Mordekaiser', 'Gragas', 'Brand', 'Chogath', 'Kobuko']",Alistar
"['Zyra', 'DrMundo', 'Alistar', 'Mordekaiser', 'Gragas', 'Brand', 'Chogath', 'Kobuko']",Seraphine
"['Zyra', 'DrMundo', 'Alistar', 'Seraphine', 'Gragas', 'Brand', 'Chogath', 'Kobuko']",Mordekaiser
"['Zyra', 'DrMundo', 'Alistar', 'Seraphine', 'Mordekaiser', 'Brand', 'Chogath', 'Kobuko']",Gragas
"['Zyra', 'DrMundo', 'Alistar', 'Seraphine', 'Mordekaiser', 'Gragas', 'Chogath', 'Kobuko']",Brand
"['Zyra', 'DrMundo', 'Alistar', 'Seraphine', 'Mordekaiser', 'Gragas', 'Brand', 'Kobuko']",Chogath
"['Zyra', 'DrMundo', 'Alistar', 'Seraphine', 'Mordekaiser', 'Gragas', 'Brand', 'Chogath']",Kobuko
"['Vi', 'Rhaast', 'Braum', 'Jarvan', 'Xayah', 'Leona', 'Aphelios', 'Aurora']",Sylas
"['Sylas', 'Rhaast', 'Braum', 'Jarvan', 'Xayah', 'Leona', 'Aphelios', 'Aurora']",Vi
"['Sylas', 'Vi', 'Braum', 'Jarvan', 'Xayah', 'Leona', 'Aphelios', 'Aurora']",Rhaast
"['Sylas', 'Vi', 'Rhaast', 'Jarvan', 'Xayah', 'Leona', 'Aphelios', 'Aurora']",Braum
"['Sylas', 'Vi', 'Rhaast', 'Braum', 'Xayah', 'Leona', 'Aphelios', 'Aurora']",Jarvan
"['Sylas', 'Vi', 'Rhaast', 'Braum', 'Jarvan', 'Leona', 'Aphelios', 'Aurora']",Xayah
"['Sylas', 'Vi', 'Rhaast', 'Braum', 'Jarvan', 'Xayah', 'Aphelios', 'Aurora']",Leona
"['Sylas', 'Vi', 'Rhaast', 'Braum', 'Jarvan', 'Xayah', 'Leona', 'Aurora']",Aphelios
"['Sylas', 'Vi', 'Rhaast', 'Braum', 'Jarvan', 'Xayah', 'Leona', 'Aphelios']",Aurora
"['Jax', 'Jhin', 'Naafiri', 'Varus', 'Mordekaiser', 'Sejuani', 'Zeri', 'Garen', 'Kobuko']",Kindred
"['Kindred', 'Jhin', 'Naafiri', 'Varus', 'Mordekaiser', 'Sejuani', 'Zeri', 'Garen', 'Kobuko']",Jax
"['Kindred', 'Jax', 'Naafiri', 'Varus', 'Mordekaiser', 'Sejuani', 'Zeri', 'Garen', 'Kobuko']",Jhin
"['Kindred', 'Jax', 'Jhin', 'Varus', 'Mordekaiser', 'Sejuani', 'Zeri', 'Garen', 'Kobuko']",Naafiri
"['Kindred', 'Jax', 'Jhin', 'Naafiri', 'Mordekaiser', 'Sejuani', 'Zeri', 'Garen', 'Kobuko']",Varus
"['Kindred', 'Jax', 'Jhin', 'Naafiri', 'Varus', 'Sejuani', 'Zeri', 'Garen', 'Kobuko']",Mordekaiser
"['Kindred', 'Jax', 'Jhin', 'Naafiri', 'Varus', 'Mordekaiser', 'Zeri', 'Garen', 'Kobuko']",Sejuani
"['Kindred', 'Jax', 'Jhin', 'Naafiri', 'Varus', 'Mordekaiser', 'Sejuani', 'Garen', 'Kobuko']",Zeri
"['Kindred', 'Jax', 'Jhin', 'Naafiri', 'Varus', 'Mordekaiser', 'Sejuani', 'Zeri', 'Kobuko']",Garen
"['Kindred', 'Jax', 'Jhin', 'Naafiri', 'Varus', 'Mordekaiser', 'Sejuani', 'Zeri', 'Garen']",Kobuko
"['Graves', 'Rhaast', 'Senna', 'Jarvan', 'Gragas', 'Vex', 'Aphelios']",Alistar
"['Alistar', 'Rhaast', 'Senna', 'Jarvan', 'Gragas', 'Vex', 'Aphelios']",Graves
"['Alistar', 'Graves', 'Senna', 'Jarvan', 'Gragas', 'Vex', 'Aphelios']",Rhaast
"['Alistar', 'Graves', 'Rhaast', 'Jarvan', 'Gragas', 'Vex', 'Aphelios']",Senna
"['Alistar', 'Graves', 'Rhaast', 'Senna', 'Gragas', 'Vex', 'Aphelios']",Jarvan
"['Alistar', 'Graves', 'Rhaast', 'Senna', 'Jarvan', 'Vex', 'Aphelios']",Gragas
"['Alistar', 'Graves', 'Rhaast', 'Senna', 'Jarvan', 'Gragas', 'Aphelios']",Vex
"['Alistar', 'Graves', 'Rhaast', 'Senna', 'Jarvan', 'Gragas', 'Vex']",Aphelios
"['Ekko', 'Naafiri', 'Yuumi', 'Neeko', 'Annie', 'Samira', 'Zac', 'Garen']",NidaleeCougar
"['NidaleeCougar', 'Naafiri', 'Yuumi', 'Neeko', 'Annie', 'Samira', 'Zac', 'Garen']",Ekko
"['NidaleeCougar', 'Ekko', 'Yuumi', 'Neeko', 'Annie', 'Samira', 'Zac', 'Garen']",Naafiri
"['NidaleeCougar', 'Ekko', 'Naafiri', 'Neeko', 'Annie', 'Samira', 'Zac', 'Garen']",Yuumi
"['NidaleeCougar', 'Ekko', 'Naafiri', 'Yuumi', 'Annie', 'Samira', 'Zac', 'Garen']",Neeko
"['NidaleeCougar', 'Ekko', 'Naafiri', 'Yuumi', 'Neeko', 'Samira', 'Zac', 'Garen']",Annie
"['NidaleeCougar', 'Ekko', 'Naafiri', 'Yuumi', 'Neeko', 'Annie', 'Zac', 'Garen']",Samira
"['NidaleeCougar', 'Ekko', 'Naafiri', 'Yuumi', 'Neeko', 'Annie', 'Samira', 'Garen']",Zac
"['NidaleeCougar', 'Ekko', 'Naafiri', 'Yuumi', 'Neeko', 'Annie', 'Samira', 'Zac']",Garen
"['Jhin', 'Naafiri', 'Varus', 'Mordekaiser', 'Gragas', 'Sejuani', 'Zeri', 'Renekton', 'Aurora']",Jax
"['Jax', 'Naafiri', 'Varus', 'Mordekaiser', 'Gragas', 'Sejuani', 'Zeri', 'Renekton', 'Aurora']",Jhin
"['Jax', 'Jhin', 'Varus', 'Mordekaiser', 'Gragas', 'Sejuani', 'Zeri', 'Renekton', 'Aurora']",Naafiri
"['Jax', 'Jhin', 'Naafiri', 'Mordekaiser', 'Gragas', 'Sejuani', 'Zeri', 'Renekton', 'Aurora']",Varus
"['Jax', 'Jhin', 'Naafiri', 'Varus', 'Gragas', 'Sejuani', 'Zeri', 'Renekton', 'Aurora']",Mordekaiser
"['Jax', 'Jhin', 'Naafiri', 'Varus', 'Mordekaiser', 'Sejuani', 'Zeri', 'Renekton', 'Aurora']",Gragas
"['Jax', 'Jhin', 'Naafiri', 'Varus', 'Mordekaiser', 'Gragas', 'Zeri', 'Renekton', 'Aurora']",Sejuani
"['Jax', 'Jhin', 'Naafiri', 'Varus', 'Mordekaiser', 'Gragas', 'Sejuani', 'Renekton', 'Aurora']",Zeri
"['Jax', 'Jhin', 'Naafiri', 'Varus', 'Mordekaiser', 'Gragas', 'Sejuani', 'Zeri', 'Aurora']",Renekton
"['Jax', 'Jhin', 'Naafiri', 'Varus', 'Mordekaiser', 'Gragas', 'Sejuani', 'Zeri', 'Renekton']",Aurora
"['Graves', 'Rhaast', 'Senna', 'Jarvan', 'Vex', 'Renekton', 'Urgot']",Alistar
"['Alistar', 'Rhaast', 'Senna', 'Jarvan', 'Vex', 'Renekton', 'Urgot']",Graves
"['Alistar', 'Graves', 'Senna', 'Jarvan', 'Vex', 'Renekton', 'Urgot']",Rhaast
"['Alistar', 'Graves', 'Rhaast', 'Jarvan', 'Vex', 'Renekton', 'Urgot']",Senna
"['Alistar', 'Graves', 'Rhaast', 'Senna', 'Vex', 'Renekton', 'Urgot']",Jarvan
"['Alistar', 'Graves', 'Rhaast', 'Senna', 'Jarvan', 'Renekton', 'Urgot']",Vex
"['Alistar', 'Graves', 'Rhaast', 'Senna', 'Jarvan', 'Vex', 'Urgot']",Renekton
"['Alistar', 'Graves', 'Rhaast', 'Senna', 'Jarvan', 'Vex', 'Renekton']",Urgot
"['Senna', 'Gragas', 'Vex', 'Renekton', 'Garen', 'Urgot', 'Kobuko', 'Aurora']",Morgana
"['Morgana', 'Gragas', 'Vex', 'Renekton', 'Garen', 'Urgot', 'Kobuko', 'Aurora']",Senna
"['Morgana', 'Senna', 'Vex', 'Renekton', 'Garen', 'Urgot', 'Kobuko', 'Aurora']",Gragas
"['Morgana', 'Senna', 'Gragas', 'Renekton', 'Garen', 'Urgot', 'Kobuko', 'Aurora']",Vex
"['Morgana', 'Senna', 'Gragas', 'Vex', 'Garen', 'Urgot', 'Kobuko', 'Aurora']",Renekton
"['Morgana', 'Senna', 'Gragas', 'Vex', 'Renekton', 'Urgot', 'Kobuko', 'Aurora']",Garen
"['Morgana', 'Senna', 'Gragas', 'Vex', 'Renekton', 'Garen', 'Kobuko', 'Aurora']",Urgot
"['Morgana', 'Senna', 'Gragas', 'Vex', 'Renekton', 'Garen', 'Urgot', 'Aurora']",Kobuko
"['Morgana', 'Senna', 'Gragas', 'Vex', 'Renekton', 'Garen', 'Urgot', 'Kobuko']",Aurora
"['Skarner', 'Fiddlesticks', 'Vex', 'Chogath', 'Renekton', 'Garen', 'Urgot', 'Kobuko']",KogMaw
"['KogMaw', 'Fiddlesticks', 'Vex', 'Chogath', 'Renekton', 'Garen', 'Urgot', 'Kobuko']",Skarner
"['KogMaw', 'Skarner', 'Vex', 'Chogath', 'Renekton', 'Garen', 'Urgot', 'Kobuko']",Fiddlesticks
"['KogMaw', 'Skarner', 'Fiddlesticks', 'Chogath', 'Renekton', 'Garen', 'Urgot', 'Kobuko']",Vex
"['KogMaw', 'Skarner', 'Fiddlesticks', 'Vex', 'Renekton', 'Garen', 'Urgot', 'Kobuko']",Chogath
"['KogMaw', 'Skarner', 'Fiddlesticks', 'Vex', 'Chogath', 'Garen', 'Urgot', 'Kobuko']",Renekton
"['KogMaw', 'Skarner', 'Fiddlesticks', 'Vex', 'Chogath', 'Renekton', 'Urgot', 'Kobuko']",Garen
"['KogMaw', 'Skarner', 'Fiddlesticks', 'Vex', 'Chogath', 'Renekton', 'Garen', 'Kobuko']",Urgot
"['KogMaw', 'Skarner', 'Fiddlesticks', 'Vex', 'Chogath', 'Renekton', 'Garen', 'Urgot']",Kobuko
"['LeBlanc', 'Draven', 'Senna', 'Galio', 'Yuumi', 'Zed', 'Zed', 'Renekton']",Vi
"['Vi', 'Draven', 'Senna', 'Galio', 'Yuumi', 'Zed', 'Zed', 'Renekton']",LeBlanc
"['Vi', 'LeBlanc', 'Senna', 'Galio', 'Yuumi', 'Zed', 'Zed', 'Renekton']",Draven
"['Vi', 'LeBlanc', 'Draven', 'Galio', 'Yuumi', 'Zed', 'Zed', 'Renekton']",Senna
"['Vi', 'LeBlanc', 'Draven', 'Senna', 'Yuumi', 'Zed', 'Zed', 'Renekton']",Galio
"['Vi', 'LeBlanc', 'Draven', 'Senna', 'Galio', 'Zed', 'Zed', 'Renekton']",Yuumi
"['Vi', 'LeBlanc', 'Draven', 'Senna', 'Galio', 'Yuumi', 'Zed', 'Renekton']",Zed
"['Vi', 'LeBlanc', 'Draven', 'Senna', 'Galio', 'Yuumi', 'Zed', 'Renekton']",Zed
"['Vi', 'LeBlanc', 'Draven', 'Senna', 'Galio', 'Yuumi', 'Zed', 'Zed']",Renekton
"['Ekko', 'Naafiri', 'Yuumi', 'Neeko', 'Annie', 'Samira', 'Zac', 'Viego', 'Neeko']",NidaleeCougar
"['NidaleeCougar', 'Naafiri', 'Yuumi', 'Neeko', 'Annie', 'Samira', 'Zac', 'Viego', 'Neeko']",Ekko
"['NidaleeCougar', 'Ekko', 'Yuumi', 'Neeko', 'Annie', 'Samira', 'Zac', 'Viego', 'Neeko']",Naafiri
"['NidaleeCougar', 'Ekko', 'Naafiri', 'Neeko', 'Annie', 'Samira', 'Zac', 'Viego', 'Neeko']",Yuumi
"['NidaleeCougar', 'Ekko', 'Naafiri', 'Yuumi', 'Annie', 'Samira', 'Zac', 'Viego', 'Neeko']",Neeko
"['NidaleeCougar', 'Ekko', 'Naafiri', 'Yuumi', 'Neeko', 'Samira', 'Zac', 'Viego', 'Neeko']",Annie
"['NidaleeCougar', 'Ekko', 'Naafiri', 'Yuumi', 'Neeko', 'Annie', 'Zac', 'Viego', 'Neeko']",Samira
"['NidaleeCougar', 'Ekko', 'Naafiri', 'Yuumi', 'Neeko', 'Annie', 'Samira', 'Viego', 'Neeko']",Zac
"['NidaleeCougar', 'Ekko', 'Naafiri', 'Yuumi', 'Neeko', 'Annie', 'Samira', 'Zac', 'Neeko']",Viego
"['NidaleeCougar', 'Ekko', 'Naafiri', 'Yuumi', 'Neeko', 'Annie', 'Samira', 'Zac', 'Viego']",Neeko
"['Graves', 'Rhaast', 'Jarvan', 'Gragas', 'Vex', 'Aphelios', 'Viego', 'Chogath']",Alistar
"['Alistar', 'Rhaast', 'Jarvan', 'Gragas', 'Vex', 'Aphelios', 'Viego', 'Chogath']",Graves
"['Alistar', 'Graves', 'Jarvan', 'Gragas', 'Vex', 'Aphelios', 'Viego', 'Chogath']",Rhaast
"['Alistar', 'Graves', 'Rhaast', 'Gragas', 'Vex', 'Aphelios', 'Viego', 'Chogath']",Jarvan
"['Alistar', 'Graves', 'Rhaast', 'Jarvan', 'Vex', 'Aphelios', 'Viego', 'Chogath']",Gragas
"['Alistar', 'Graves', 'Rhaast', 'Jarvan', 'Gragas', 'Aphelios', 'Viego', 'Chogath']",Vex
"['Alistar', 'Graves', 'Rhaast', 'Jarvan', 'Gragas', 'Vex', 'Viego', 'Chogath']",Aphelios
"['Alistar', 'Graves', 'Rhaast', 'Jarvan', 'Gragas', 'Vex', 'Aphelios', 'Chogath']",Viego
"['Alistar', 'Graves', 'Rhaast', 'Jarvan', 'Gragas', 'Vex', 'Aphelios', 'Viego']",Chogath
"['Ekko', 'Naafiri', 'Yuumi', 'Neeko', 'Annie', 'Samira', 'Zac', 'Viego']",NidaleeCougar
"['NidaleeCougar', 'Naafiri', 'Yuumi', 'Neeko', 'Annie', 'Samira', 'Zac', 'Viego']",Ekko
"['NidaleeCougar', 'Ekko', 'Yuumi', 'Neeko', 'Annie', 'Samira', 'Zac', 'Viego']",Naafiri
"['NidaleeCougar', 'Ekko', 'Naafiri', 'Neeko', 'Annie', 'Samira', 'Zac', 'Viego']",Yuumi
"['NidaleeCougar', 'Ekko', 'Naafiri', 'Yuumi', 'Annie', 'Samira', 'Zac', 'Viego']",Neeko
"['NidaleeCougar', 'Ekko', 'Naafiri', 'Yuumi', 'Neeko', 'Samira', 'Zac', 'Viego']",Annie
"['NidaleeCougar', 'Ekko', 'Naafiri', 'Yuumi', 'Neeko', 'Annie', 'Zac', 'Viego']",Samira
"['NidaleeCougar', 'Ekko', 'Naafiri', 'Yuumi', 'Neeko', 'Annie', 'Samira', 'Viego']",Zac
"['NidaleeCougar', 'Ekko', 'Naafiri', 'Yuumi', 'Neeko', 'Annie', 'Samira', 'Zac']",Viego
"['Jhin', 'Braum', 'Mordekaiser', 'MissFortune', 'Sejuani', 'Zeri', 'Aphelios', 'Viego', 'Sejuani']",Jax
"['Jax', 'Braum', 'Mordekaiser', 'MissFortune', 'Sejuani', 'Zeri', 'Aphelios', 'Viego', 'Sejuani']",Jhin
"['Jax', 'Jhin', 'Mordekaiser', 'MissFortune', 'Sejuani', 'Zeri', 'Aphelios', 'Viego', 'Sejuani']",Braum
"['Jax', 'Jhin', 'Braum', 'MissFortune', 'Sejuani', 'Zeri', 'Aphelios', 'Viego', 'Sejuani']",Mordekaiser
"['Jax', 'Jhin', 'Braum', 'Mordekaiser', 'Sejuani', 'Zeri', 'Aphelios', 'Viego', 'Sejuani']",MissFortune
"['Jax', 'Jhin', 'Braum', 'Mordekaiser', 'MissFortune', 'Zeri', 'Aphelios', 'Viego', 'Sejuani']",Sejuani
"['Jax', 'Jhin', 'Braum', 'Mordekaiser', 'MissFortune', 'Sejuani', 'Aphelios', 'Viego', 'Sejuani']",Zeri
"['Jax', 'Jhin', 'Braum', 'Mordekaiser', 'MissFortune', 'Sejuani', 'Zeri', 'Viego', 'Sejuani']",Aphelios
"['Jax', 'Jhin', 'Braum', 'Mordekaiser', 'MissFortune', 'Sejuani', 'Zeri', 'Aphelios', 'Sejuani']",Viego
"['Jax', 'Jhin', 'Braum', 'Mordekaiser', 'MissFortune', 'Sejuani', 'Zeri', 'Aphelios', 'Viego']",Sejuani
"['LeBlanc', 'Draven', 'Galio', 'Neeko', 'Zed', 'Zed', 'Sejuani']",Vi
"['Vi', 'Draven', 'Galio', 'Neeko', 'Zed', 'Zed', 'Sejuani']",LeBlanc
"['Vi', 'LeBlanc', 'Galio', 'Neeko', 'Zed', 'Zed', 'Sejuani']",Draven
"['Vi', 'LeBlanc', 'Draven', 'Neeko', 'Zed', 'Zed', 'Sejuani']",Galio
"['Vi', 'LeBlanc', 'Draven', 'Galio', 'Zed', 'Zed', 'Sejuani']",Neeko
"['Vi', 'LeBlanc', 'Draven', 'Galio', 'Neeko', 'Zed', 'Sejuani']",Zed
"['Vi', 'LeBlanc', 'Draven', 'Galio', 'Neeko', 'Zed', 'Sejuani']",Zed
"['Vi', 'LeBlanc', 'Draven', 'Galio', 'Neeko', 'Zed', 'Zed']",Sejuani
"['Sylas', 'Vi', 'KogMaw', 'Rhaast', 'Skarner', 'Jarvan', 'Leona', 'Urgot']",Kindred
"['Kindred', 'Vi', 'KogMaw', 'Rhaast', 'Skarner', 'Jarvan', 'Leona', 'Urgot']",Sylas
"['Kindred', 'Sylas', 'KogMaw', 'Rhaast', 'Skarner', 'Jarvan', 'Leona', 'Urgot']",Vi
"['Kindred', 'Sylas', 'Vi', 'Rhaast', 'Skarner', 'Jarvan', 'Leona', 'Urgot']",KogMaw
"['Kindred', 'Sylas', 'Vi', 'KogMaw', 'Skarner', 'Jarvan', 'Leona', 'Urgot']",Rhaast
"['Kindred', 'Sylas', 'Vi', 'KogMaw', 'Rhaast', 'Jarvan', 'Leona', 'Urgot']",Skarner
"['Kindred', 'Sylas', 'Vi', 'KogMaw', 'Rhaast', 'Skarner', 'Leona', 'Urgot']",Jarvan
"['Kindred', 'Sylas', 'Vi', 'KogMaw', 'Rhaast', 'Skarner', 'Jarvan', 'Urgot']",Leona
"['Kindred', 'Sylas', 'Vi', 'KogMaw', 'Rhaast', 'Skarner', 'Jarvan', 'Leona']",Urgot
[],Alistar
"['Shaco', 'Darius', 'Vayne', 'Braum', 'Senna', 'Jarvan', 'Zed', 'Zed', 'Garen']",DrMundo
"['DrMundo', 'Darius', 'Vayne', 'Braum', 'Senna', 'Jarvan', 'Zed', 'Zed', 'Garen']",Shaco
"['DrMundo', 'Shaco', 'Vayne', 'Braum', 'Senna', 'Jarvan', 'Zed', 'Zed', 'Garen']",Darius
"['DrMundo', 'Shaco', 'Darius', 'Braum', 'Senna', 'Jarvan', 'Zed', 'Zed', 'Garen']",Vayne
"['DrMundo', 'Shaco', 'Darius', 'Vayne', 'Senna', 'Jarvan', 'Zed', 'Zed', 'Garen']",Braum
"['DrMundo', 'Shaco', 'Darius', 'Vayne', 'Braum', 'Jarvan', 'Zed', 'Zed', 'Garen']",Senna
"['DrMundo', 'Shaco', 'Darius', 'Vayne', 'Braum', 'Senna', 'Zed', 'Zed', 'Garen']",Jarvan
"['DrMundo', 'Shaco', 'Darius', 'Vayne', 'Braum', 'Senna', 'Jarvan', 'Zed', 'Garen']",Zed
"['DrMundo', 'Shaco', 'Darius', 'Vayne', 'Braum', 'Senna', 'Jarvan', 'Zed', 'Garen']",Zed
"['DrMundo', 'Shaco', 'Darius', 'Vayne', 'Braum', 'Senna', 'Jarvan', 'Zed', 'Zed']",Garen
"['Poppy', 'Jhin', 'Gragas', 'MissFortune', 'Zac', 'Renekton', 'Kobuko', 'Aurora']",Morgana
"['Morgana', 'Jhin', 'Gragas', 'MissFortune', 'Zac', 'Renekton', 'Kobuko', 'Aurora']",Poppy
"['Morgana', 'Poppy', 'Gragas', 'MissFortune', 'Zac', 'Renekton', 'Kobuko', 'Aurora']",Jhin
"['Morgana', 'Poppy', 'Jhin', 'MissFortune', 'Zac', 'Renekton', 'Kobuko', 'Aurora']",Gragas
"['Morgana', 'Poppy', 'Jhin', 'Gragas', 'Zac', 'Renekton', 'Kobuko', 'Aurora']",MissFortune
"['Morgana', 'Poppy', 'Jhin', 'Gragas', 'MissFortune', 'Renekton', 'Kobuko', 'Aurora']",Zac
"['Morgana', 'Poppy', 'Jhin', 'Gragas', 'MissFortune', 'Zac', 'Kobuko', 'Aurora']",Renekton
"['Morgana', 'Poppy', 'Jhin', 'Gragas', 'MissFortune', 'Zac', 'Renekton', 'Aurora']",Kobuko
"['Morgana', 'Poppy', 'Jhin', 'Gragas', 'MissFortune', 'Zac', 'Renekton', 'Kobuko']",Aurora
"['Jax', 'Poppy', 'Illaoi', 'Elise', 'Galio', 'MissFortune', 'Renekton', 'Aurora']",Morgana
"['Morgana', 'Poppy', 'Illaoi', 'Elise', 'Galio', 'MissFortune', 'Renekton', 'Aurora']",Jax
"['Morgana', 'Jax', 'Illaoi', 'Elise', 'Galio', 'MissFortune', 'Renekton', 'Aurora']",Poppy
"['Morgana', 'Jax', 'Poppy', 'Elise', 'Galio', 'MissFortune', 'Renekton', 'Aurora']",Illaoi
"['Morgana', 'Jax', 'Poppy', 'Illaoi', 'Galio', 'MissFortune', 'Renekton', 'Aurora']",Elise
"['Morgana', 'Jax', 'Poppy', 'Illaoi', 'Elise', 'MissFortune', 'Renekton', 'Aurora']",Galio
"['Morgana', 'Jax', 'Poppy', 'Illaoi', 'Elise', 'Galio', 'Renekton', 'Aurora']",MissFortune
"['Morgana', 'Jax', 'Poppy', 'Illaoi', 'Elise', 'Galio', 'MissFortune', 'Aurora']",Renekton
"['Morgana', 'Jax', 'Poppy', 'Illaoi', 'Elise', 'Galio', 'MissFortune', 'Renekton']",Aurora
"['Jax', 'Jhin', 'Naafiri', 'Varus', 'Mordekaiser', 'Sejuani', 'Zeri', 'Aurora']",Kindred
"['Kindred', 'Jhin', 'Naafiri', 'Varus', 'Mordekaiser', 'Sejuani', 'Zeri', 'Aurora']",Jax
"['Kindred', 'Jax', 'Naafiri', 'Varus', 'Mordekaiser', 'Sejuani', 'Zeri', 'Aurora']",Jhin
"['Kindred', 'Jax', 'Jhin', 'Varus', 'Mordekaiser', 'Sejuani', 'Zeri', 'Aurora']",Naafiri
"['Kindred', 'Jax', 'Jhin', 'Naafiri', 'Mordekaiser', 'Sejuani', 'Zeri', 'Aurora']",Varus
"['Kindred', 'Jax', 'Jhin', 'Naafiri', 'Varus', 'Sejuani', 'Zeri', 'Aurora']",Mordekaiser
"['Kindred', 'Jax', 'Jhin', 'Naafiri', 'Varus', 'Mordekaiser', 'Zeri', 'Aurora']",Sejuani
"['Kindred', 'Jax', 'Jhin', 'Naafiri', 'Varus', 'Mordekaiser', 'Sejuani', 'Aurora']",Zeri
"['Kindred', 'Jax', 'Jhin', 'Naafiri', 'Varus', 'Mordekaiser', 'Sejuani', 'Zeri']",Aurora
"['LeBlanc', 'Draven', 'Jarvan', 'Galio', 'Zed', 'Sejuani', 'Zac']",Vi
"['Vi', 'Draven', 'Jarvan', 'Galio', 'Zed', 'Sejuani', 'Zac']",LeBlanc
"['Vi', 'LeBlanc', 'Jarvan', 'Galio', 'Zed', 'Sejuani', 'Zac']",Draven
"['Vi', 'LeBlanc', 'Draven', 'Galio', 'Zed', 'Sejuani', 'Zac']",Jarvan
"['Vi', 'LeBlanc', 'Draven', 'Jarvan', 'Zed', 'Sejuani', 'Zac']",Galio
"['Vi', 'LeBlanc', 'Draven', 'Jarvan', 'Galio', 'Sejuani', 'Zac']",Zed
"['Vi', 'LeBlanc', 'Draven', 'Jarvan', 'Galio', 'Zed', 'Zac']",Sejuani
"['Vi', 'LeBlanc', 'Draven', 'Jarvan', 'Galio', 'Zed', 'Sejuani']",Zac
"['Fiddlesticks', 'Chogath', 'Zac', 'Garen', 'Urgot', 'Urgot', 'Kobuko', 'Viego', 'Kobuko']",KogMaw
"['KogMaw', 'Chogath', 'Zac', 'Garen', 'Urgot', 'Urgot', 'Kobuko', 'Viego', 'Kobuko']",Fiddlesticks
"['KogMaw', 'Fiddlesticks', 'Zac', 'Garen', 'Urgot', 'Urgot', 'Kobuko', 'Viego', 'Kobuko']",Chogath
"['KogMaw', 'Fiddlesticks', 'Chogath', 'Garen', 'Urgot', 'Urgot', 'Kobuko', 'Viego', 'Kobuko']",Zac
"['KogMaw', 'Fiddlesticks', 'Chogath', 'Zac', 'Urgot', 'Urgot', 'Kobuko', 'Viego', 'Kobuko']",Garen
"['KogMaw', 'Fiddlesticks', 'Chogath', 'Zac', 'Garen', 'Urgot', 'Kobuko', 'Viego', 'Kobuko']",Urgot
"['KogMaw', 'Fiddlesticks', 'Chogath', 'Zac', 'Garen', 'Urgot', 'Kobuko', 'Viego', 'Kobuko']",Urgot
"['KogMaw', 'Fiddlesticks', 'Chogath', 'Zac', 'Garen', 'Urgot', 'Urgot', 'Viego', 'Kobuko']",Kobuko
"['KogMaw', 'Fiddlesticks', 'Chogath', 'Zac', 'Garen', 'Urgot', 'Urgot', 'Kobuko', 'Kobuko']",Viego
"['KogMaw', 'Fiddlesticks', 'Chogath', 'Zac', 'Garen', 'Urgot', 'Urgot', 'Kobuko', 'Viego']",Kobuko
"['Rhaast', 'Senna', 'Jarvan', 'Gragas', 'Vex', 'Zed', 'Renekton', 'Garen']",DrMundo
"['DrMundo', 'Senna', 'Jarvan', 'Gragas', 'Vex', 'Zed', 'Renekton', 'Garen']",Rhaast
"['DrMundo', 'Rhaast', 'Jarvan', 'Gragas', 'Vex', 'Zed', 'Renekton', 'Garen']",Senna
"['DrMundo', 'Rhaast', 'Senna', 'Gragas', 'Vex', 'Zed', 'Renekton', 'Garen']",Jarvan
"['DrMundo', 'Rhaast', 'Senna', 'Jarvan', 'Vex', 'Zed', 'Renekton', 'Garen']",Gragas
"['DrMundo', 'Rhaast', 'Senna', 'Jarvan', 'Gragas', 'Zed', 'Renekton', 'Garen']",Vex
"['DrMundo', 'Rhaast', 'Senna', 'Jarvan', 'Gragas', 'Vex', 'Renekton', 'Garen']",Zed
"['DrMundo', 'Rhaast', 'Senna', 'Jarvan', 'Gragas', 'Vex', 'Zed', 'Garen']",Renekton
"['DrMundo', 'Rhaast', 'Senna', 'Jarvan', 'Gragas', 'Vex', 'Zed', 'Renekton']",Garen
"['Jhin', 'Varus', 'Mordekaiser', 'Gragas', 'Sejuani', 'Zeri', 'Renekton', 'Garen']",Jax
"['Jax', 'Varus', 'Mordekaiser', 'Gragas', 'Sejuani', 'Zeri', 'Renekton', 'Garen']",Jhin
"['Jax', 'Jhin', 'Mordekaiser', 'Gragas', 'Sejuani', 'Zeri', 'Renekton', 'Garen']",Varus
"['Jax', 'Jhin', 'Varus', 'Gragas', 'Sejuani', 'Zeri', 'Renekton', 'Garen']",Mordekaiser
"['Jax', 'Jhin', 'Varus', 'Mordekaiser', 'Sejuani', 'Zeri', 'Renekton', 'Garen']",Gragas
"['Jax', 'Jhin', 'Varus', 'Mordekaiser', 'Gragas', 'Zeri', 'Renekton', 'Garen']",Sejuani
"['Jax', 'Jhin', 'Varus', 'Mordekaiser', 'Gragas', 'Sejuani', 'Renekton', 'Garen']",Zeri
"['Jax', 'Jhin', 'Varus', 'Mordekaiser', 'Gragas', 'Sejuani', 'Zeri', 'Garen']",Renekton
"['Jax', 'Jhin', 'Varus', 'Mordekaiser', 'Gragas', 'Sejuani', 'Zeri', 'Renekton']",Garen
"['Poppy', 'Elise', 'Gragas', 'MissFortune', 'Zac', 'Renekton', 'Kobuko', 'Aurora']",Morgana
"['Morgana', 'Elise', 'Gragas', 'MissFortune', 'Zac', 'Renekton', 'Kobuko', 'Aurora']",Poppy
"['Morgana', 'Poppy', 'Gragas', 'MissFortune', 'Zac', 'Renekton', 'Kobuko', 'Aurora']",Elise
"['Morgana', 'Poppy', 'Elise', 'MissFortune', 'Zac', 'Renekton', 'Kobuko', 'Aurora']",Gragas
"['Morgana', 'Poppy', 'Elise', 'Gragas', 'Zac', 'Renekton', 'Kobuko', 'Aurora']",MissFortune
"['Morgana', 'Poppy', 'Elise', 'Gragas', 'MissFortune', 'Renekton', 'Kobuko', 'Aurora']",Zac
"['Morgana', 'Poppy', 'Elise', 'Gragas', 'MissFortune', 'Zac', 'Kobuko', 'Aurora']",Renekton
"['Morgana', 'Poppy', 'Elise', 'Gragas', 'MissFortune', 'Zac', 'Renekton', 'Aurora']",Kobuko
"['Morgana', 'Poppy', 'Elise', 'Gragas', 'MissFortune', 'Zac', 'Renekton', 'Kobuko']",Aurora
"['DrMundo', 'Alistar', 'Seraphine', 'Veigar', 'Mordekaiser', 'Brand', 'Zac', 'Kobuko', 'Viego', 'Sejuani']",Zyra
"['Zyra', 'Alistar', 'Seraphine', 'Veigar', 'Mordekaiser', 'Brand', 'Zac', 'Kobuko', 'Viego', 'Sejuani']",DrMundo
"['Zyra', 'DrMundo', 'Seraphine', 'Veigar', 'Mordekaiser', 'Brand', 'Zac', 'Kobuko', 'Viego', 'Sejuani']",Alistar
"['Zyra', 'DrMundo', 'Alistar', 'Veigar', 'Mordekaiser', 'Brand', 'Zac', 'Kobuko', 'Viego', 'Sejuani']",Seraphine
"['Zyra', 'DrMundo', 'Alistar', 'Seraphine', 'Mordekaiser', 'Brand', 'Zac', 'Kobuko', 'Viego', 'Sejuani']",Veigar
"['Zyra', 'DrMundo', 'Alistar', 'Seraphine', 'Veigar', 'Brand', 'Zac', 'Kobuko', 'Viego', 'Sejuani']",Mordekaiser
"['Zyra', 'DrMundo', 'Alistar', 'Seraphine', 'Veigar', 'Mordekaiser', 'Zac', 'Kobuko', 'Viego', 'Sejuani']",Brand
"['Zyra', 'DrMundo', 'Alistar', 'Seraphine', 'Veigar', 'Mordekaiser', 'Brand', 'Kobuko', 'Viego', 'Sejuani']",Zac
"['Zyra', 'DrMundo', 'Alistar', 'Seraphine', 'Veigar', 'Mordekaiser', 'Brand', 'Zac', 'Viego', 'Sejuani']",Kobuko
"['Zyra', 'DrMundo', 'Alistar', 'Seraphine', 'Veigar', 'Mordekaiser', 'Brand', 'Zac', 'Kobuko', 'Sejuani']",Viego
"['Zyra', 'DrMundo', 'Alistar', 'Seraphine', 'Veigar', 'Mordekaiser', 'Brand', 'Zac', 'Kobuko', 'Viego']",Sejuani
"['Poppy', 'Elise', 'Gragas', 'MissFortune', 'Zac', 'Renekton', 'Kobuko', 'Aurora']",Morgana
"['Morgana', 'Elise', 'Gragas', 'MissFortune', 'Zac', 'Renekton', 'Kobuko', 'Aurora']",Poppy
"['Morgana', 'Poppy', 'Gragas', 'MissFortune', 'Zac', 'Renekton', 'Kobuko', 'Aurora']",Elise
"['Morgana', 'Poppy', 'Elise', 'MissFortune', 'Zac', 'Renekton', 'Kobuko', 'Aurora']",Gragas
"['Morgana', 'Poppy', 'Elise', 'Gragas', 'Zac', 'Renekton', 'Kobuko', 'Aurora']",MissFortune
"['Morgana', 'Poppy', 'Elise', 'Gragas', 'MissFortune', 'Renekton', 'Kobuko', 'Aurora']",Zac
"['Morgana', 'Poppy', 'Elise', 'Gragas', 'MissFortune', 'Zac', 'Kobuko', 'Aurora']",Renekton
"['Morgana', 'Poppy', 'Elise', 'Gragas', 'MissFortune', 'Zac', 'Renekton', 'Aurora']",Kobuko
"['Morgana', 'Poppy', 'Elise', 'Gragas', 'MissFortune', 'Zac', 'Renekton', 'Kobuko']",Aurora
"['TwistedFate', 'Jhin', 'Mordekaiser', 'MissFortune', 'Sejuani', 'Zeri', 'Garen', 'Aurora']",Jax
"['Jax', 'Jhin', 'Mordekaiser', 'MissFortune', 'Sejuani', 'Zeri', 'Garen', 'Aurora']",TwistedFate
"['Jax', 'TwistedFate', 'Mordekaiser', 'MissFortune', 'Sejuani', 'Zeri', 'Garen', 'Aurora']",Jhin
"['Jax', 'TwistedFate', 'Jhin', 'MissFortune', 'Sejuani', 'Zeri', 'Garen', 'Aurora']",Mordekaiser
"['Jax', 'TwistedFate', 'Jhin', 'Mordekaiser', 'Sejuani', 'Zeri', 'Garen', 'Aurora']",MissFortune
"['Jax', 'TwistedFate', 'Jhin', 'Mordekaiser', 'MissFortune', 'Zeri', 'Garen', 'Aurora']",Sejuani
"['Jax', 'TwistedFate', 'Jhin', 'Mordekaiser', 'MissFortune', 'Sejuani', 'Garen', 'Aurora']",Zeri
"['Jax', 'TwistedFate', 'Jhin', 'Mordekaiser', 'MissFortune', 'Sejuani', 'Zeri', 'Aurora']",Garen
"['Jax', 'TwistedFate', 'Jhin', 'Mordekaiser', 'MissFortune', 'Sejuani', 'Zeri', 'Garen']",Aurora
"['Vi', 'Rhaast', 'Skarner', 'Jarvan', 'Xayah', 'Leona', 'Aphelios', 'Garen']",Sylas
"['Sylas', 'Rhaast', 'Skarner', 'Jarvan', 'Xayah', 'Leona', 'Aphelios', 'Garen']",Vi
"['Sylas', 'Vi', 'Skarner', 'Jarvan', 'Xayah', 'Leona', 'Aphelios', 'Garen']",Rhaast
"['Sylas', 'Vi', 'Rhaast', 'Jarvan', 'Xayah', 'Leona', 'Aphelios', 'Garen']",Skarner
"['Sylas', 'Vi', 'Rhaast', 'Skarner', 'Xayah', 'Leona', 'Aphelios', 'Garen']",Jarvan
"['Sylas', 'Vi', 'Rhaast', 'Skarner', 'Jarvan', 'Leona', 'Aphelios', 'Garen']",Xayah
"['Sylas', 'Vi', 'Rhaast', 'Skarner', 'Jarvan', 'Xayah', 'Aphelios', 'Garen']",Leona
"['Sylas', 'Vi', 'Rhaast', 'Skarner', 'Jarvan', 'Xayah', 'Leona', 'Garen']",Aphelios
"['Sylas', 'Vi', 'Rhaast', 'Skarner', 'Jarvan', 'Xayah', 'Leona', 'Aphelios']",Garen
"['Jax', 'Jhin', 'Varus', 'Mordekaiser', 'Gragas', 'Vex', 'Sejuani', 'Renekton', 'Aurora']",Morgana
"['Morgana', 'Jhin', 'Varus', 'Mordekaiser', 'Gragas', 'Vex', 'Sejuani', 'Renekton', 'Aurora']",Jax
"['Morgana', 'Jax', 'Varus', 'Mordekaiser', 'Gragas', 'Vex', 'Sejuani', 'Renekton', 'Aurora']",Jhin
"['Morgana', 'Jax', 'Jhin', 'Mordekaiser', 'Gragas', 'Vex', 'Sejuani', 'Renekton', 'Aurora']",Varus
"['Morgana', 'Jax', 'Jhin', 'Varus', 'Gragas', 'Vex', 'Sejuani', 'Renekton', 'Aurora']",Mordekaiser
"['Morgana', 'Jax', 'Jhin', 'Varus', 'Mordekaiser', 'Vex', 'Sejuani', 'Renekton', 'Aurora']",Gragas
"['Morgana', 'Jax', 'Jhin', 'Varus', 'Mordekaiser', 'Gragas', 'Sejuani', 'Renekton', 'Aurora']",Vex
"['Morgana', 'Jax', 'Jhin', 'Varus', 'Mordekaiser', 'Gragas', 'Vex', 'Renekton', 'Aurora']",Sejuani
"['Morgana', 'Jax', 'Jhin', 'Varus', 'Mordekaiser', 'Gragas', 'Vex', 'Sejuani', 'Aurora']",Renekton
"['Morgana', 'Jax', 'Jhin', 'Varus', 'Mordekaiser', 'Gragas', 'Vex', 'Sejuani', 'Renekton']",Aurora
"['Fiddlesticks', 'Chogath', 'Zac', 'Garen', 'Urgot', 'Urgot', 'Kobuko', 'Viego']",Skarner
"['Skarner', 'Chogath', 'Zac', 'Garen', 'Urgot', 'Urgot', 'Kobuko', 'Viego']",Fiddlesticks
"['Skarner', 'Fiddlesticks', 'Zac', 'Garen', 'Urgot', 'Urgot', 'Kobuko', 'Viego']",Chogath
"['Skarner', 'Fiddlesticks', 'Chogath', 'Garen', 'Urgot', 'Urgot', 'Kobuko', 'Viego']",Zac
"['Skarner', 'Fiddlesticks', 'Chogath', 'Zac', 'Urgot', 'Urgot', 'Kobuko', 'Viego']",Garen
"['Skarner', 'Fiddlesticks', 'Chogath', 'Zac', 'Garen', 'Urgot', 'Kobuko', 'Viego']",Urgot
"['Skarner', 'Fiddlesticks', 'Chogath', 'Zac', 'Garen', 'Urgot', 'Kobuko', 'Viego']",Urgot
"['Skarner', 'Fiddlesticks', 'Chogath', 'Zac', 'Garen', 'Urgot', 'Urgot', 'Viego']",Kobuko
"['Skarner', 'Fiddlesticks', 'Chogath', 'Zac', 'Garen', 'Urgot', 'Urgot', 'Kobuko']",Viego
"['Poppy', 'Vex', 'Chogath', 'Zac', 'Renekton', 'Urgot', 'Kobuko', 'Aurora']",Morgana
"['Morgana', 'Vex', 'Chogath', 'Zac', 'Renekton', 'Urgot', 'Kobuko', 'Aurora']",Poppy
"['Morgana', 'Poppy', 'Chogath', 'Zac', 'Renekton', 'Urgot', 'Kobuko', 'Aurora']",Vex
"['Morgana', 'Poppy', 'Vex', 'Zac', 'Renekton', 'Urgot', 'Kobuko', 'Aurora']",Chogath
"['Morgana', 'Poppy', 'Vex', 'Chogath', 'Renekton', 'Urgot', 'Kobuko', 'Aurora']",Zac
"['Morgana', 'Poppy', 'Vex', 'Chogath', 'Zac', 'Urgot', 'Kobuko', 'Aurora']",Renekton
"['Morgana', 'Poppy', 'Vex', 'Chogath', 'Zac', 'Renekton', 'Kobuko', 'Aurora']",Urgot
"['Morgana', 'Poppy', 'Vex', 'Chogath', 'Zac', 'Renekton', 'Urgot', 'Aurora']",Kobuko
"['Morgana', 'Poppy', 'Vex', 'Chogath', 'Zac', 'Renekton', 'Urgot', 'Kobuko']",Aurora
"['TwistedFate', 'Darius', 'Rhaast', 'Braum', 'Draven', 'Gragas', 'MissFortune', 'Aurora']",Shaco
"['Shaco', 'Darius', 'Rhaast', 'Braum', 'Draven', 'Gragas', 'MissFortune', 'Aurora']",TwistedFate
"['Shaco', 'TwistedFate', 'Rhaast', 'Braum', 'Draven', 'Gragas', 'MissFortune', 'Aurora']",Darius
"['Shaco', 'TwistedFate', 'Darius', 'Braum', 'Draven', 'Gragas', 'MissFortune', 'Aurora']",Rhaast
"['Shaco', 'TwistedFate', 'Darius', 'Rhaast', 'Draven', 'Gragas', 'MissFortune', 'Aurora']",Braum
"['Shaco', 'TwistedFate', 'Darius', 'Rhaast', 'Braum', 'Gragas', 'MissFortune', 'Aurora']",Draven
"['Shaco', 'TwistedFate', 'Darius', 'Rhaast', 'Braum', 'Draven', 'MissFortune', 'Aurora']",Gragas
"['Shaco', 'TwistedFate', 'Darius', 'Rhaast', 'Braum', 'Draven', 'Gragas', 'Aurora']",MissFortune
"['Shaco', 'TwistedFate', 'Darius', 'Rhaast', 'Braum', 'Draven', 'Gragas', 'MissFortune']",Aurora
"['Seraphine', 'Illaoi', 'Xayah', 'Leona', 'Zac', 'Renekton', 'Aurora', 'Viego']",Sylas
"['Sylas', 'Illaoi', 'Xayah', 'Leona', 'Zac', 'Renekton', 'Aurora', 'Viego']",Seraphine
"['Sylas', 'Seraphine', 'Xayah', 'Leona', 'Zac', 'Renekton', 'Aurora', 'Viego']",Illaoi
"['Sylas', 'Seraphine', 'Illaoi', 'Leona', 'Zac', 'Renekton', 'Aurora', 'Viego']",Xayah
"['Sylas', 'Seraphine', 'Illaoi', 'Xayah', 'Zac', 'Renekton', 'Aurora', 'Viego']",Leona
"['Sylas', 'Seraphine', 'Illaoi', 'Xayah', 'Leona', 'Renekton', 'Aurora', 'Viego']",Zac
"['Sylas', 'Seraphine', 'Illaoi', 'Xayah', 'Leona', 'Zac', 'Aurora', 'Viego']",Renekton
"['Sylas', 'Seraphine', 'Illaoi', 'Xayah', 'Leona', 'Zac', 'Renekton', 'Viego']",Aurora
"['Sylas', 'Seraphine', 'Illaoi', 'Xayah', 'Leona', 'Zac', 'Renekton', 'Aurora']",Viego
"['Poppy', 'Elise', 'Gragas', 'MissFortune', 'Zac', 'Renekton', 'Kobuko', 'Aurora', 'Aurora']",Morgana
"['Morgana', 'Elise', 'Gragas', 'MissFortune', 'Zac', 'Renekton', 'Kobuko', 'Aurora', 'Aurora']",Poppy
"['Morgana', 'Poppy', 'Gragas', 'MissFortune', 'Zac', 'Renekton', 'Kobuko', 'Aurora', 'Aurora']",Elise
"['Morgana', 'Poppy', 'Elise', 'MissFortune', 'Zac', 'Renekton', 'Kobuko', 'Aurora', 'Aurora']",Gragas
"['Morgana', 'Poppy', 'Elise', 'Gragas', 'Zac', 'Renekton', 'Kobuko', 'Aurora', 'Aurora']",MissFortune
"['Morgana', 'Poppy', 'Elise', 'Gragas', 'MissFortune', 'Renekton', 'Kobuko', 'Aurora', 'Aurora']",Zac
"['Morgana', 'Poppy', 'Elise', 'Gragas', 'MissFortune', 'Zac', 'Kobuko', 'Aurora', 'Aurora']",Renekton
"['Morgana', 'Poppy', 'Elise', 'Gragas', 'MissFortune', 'Zac', 'Renekton', 'Aurora', 'Aurora']",Kobuko
"['Morgana', 'Poppy', 'Elise', 'Gragas', 'MissFortune', 'Zac', 'Renekton', 'Kobuko', 'Aurora']",Aurora
"['Morgana', 'Poppy', 'Elise', 'Gragas', 'MissFortune', 'Zac', 'Renekton', 'Kobuko', 'Aurora']",Aurora
"['Fiddlesticks', 'Vex', 'Chogath', 'Zac', 'Garen', 'Urgot', 'Kobuko', 'Viego', 'NidaleeCougar']",Skarner
"['Skarner', 'Vex', 'Chogath', 'Zac', 'Garen', 'Urgot', 'Kobuko', 'Viego', 'NidaleeCougar']",Fiddlesticks
"['Skarner', 'Fiddlesticks', 'Chogath', 'Zac', 'Garen', 'Urgot', 'Kobuko', 'Viego', 'NidaleeCougar']",Vex
"['Skarner', 'Fiddlesticks', 'Vex', 'Zac', 'Garen', 'Urgot', 'Kobuko', 'Viego', 'NidaleeCougar']",Chogath
"['Skarner', 'Fiddlesticks', 'Vex', 'Chogath', 'Garen', 'Urgot', 'Kobuko', 'Viego', 'NidaleeCougar']",Zac
"['Skarner', 'Fiddlesticks', 'Vex', 'Chogath', 'Zac', 'Urgot', 'Kobuko', 'Viego', 'NidaleeCougar']",Garen
"['Skarner', 'Fiddlesticks', 'Vex', 'Chogath', 'Zac', 'Garen', 'Kobuko', 'Viego', 'NidaleeCougar']",Urgot
"['Skarner', 'Fiddlesticks', 'Vex', 'Chogath', 'Zac', 'Garen', 'Urgot', 'Viego', 'NidaleeCougar']",Kobuko
"['Skarner', 'Fiddlesticks', 'Vex', 'Chogath', 'Zac', 'Garen', 'Urgot', 'Kobuko', 'NidaleeCougar']",Viego
"['Skarner', 'Fiddlesticks', 'Vex', 'Chogath', 'Zac', 'Garen', 'Urgot', 'Kobuko', 'Viego']",NidaleeCougar
"['Vi', 'LeBlanc', 'Draven', 'Jarvan', 'Galio', 'Zed', 'Sejuani']",Kindred
"['Kindred', 'LeBlanc', 'Draven', 'Jarvan', 'Galio', 'Zed', 'Sejuani']",Vi
"['Kindred', 'Vi', 'Draven', 'Jarvan', 'Galio', 'Zed', 'Sejuani']",LeBlanc
"['Kindred', 'Vi', 'LeBlanc', 'Jarvan', 'Galio', 'Zed', 'Sejuani']",Draven
"['Kindred', 'Vi', 'LeBlanc', 'Draven', 'Galio', 'Zed', 'Sejuani']",Jarvan
"['Kindred', 'Vi', 'LeBlanc', 'Draven', 'Jarvan', 'Zed', 'Sejuani']",Galio
"['Kindred', 'Vi', 'LeBlanc', 'Draven', 'Jarvan', 'Galio', 'Sejuani']",Zed
"['Kindred', 'Vi', 'LeBlanc', 'Draven', 'Jarvan', 'Galio', 'Zed']",Sejuani
"['Graves', 'Rhaast', 'Senna', 'Jarvan', 'Vex', 'Aphelios', 'Kobuko', 'Viego', 'Alistar']",Alistar
"['Alistar', 'Rhaast', 'Senna', 'Jarvan', 'Vex', 'Aphelios', 'Kobuko', 'Viego', 'Alistar']",Graves
"['Alistar', 'Graves', 'Senna', 'Jarvan', 'Vex', 'Aphelios', 'Kobuko', 'Viego', 'Alistar']",Rhaast
"['Alistar', 'Graves', 'Rhaast', 'Jarvan', 'Vex', 'Aphelios', 'Kobuko', 'Viego', 'Alistar']",Senna
"['Alistar', 'Graves', 'Rhaast', 'Senna', 'Vex', 'Aphelios', 'Kobuko', 'Viego', 'Alistar']",Jarvan
"['Alistar', 'Graves', 'Rhaast', 'Senna', 'Jarvan', 'Aphelios', 'Kobuko', 'Viego', 'Alistar']",Vex
"['Alistar', 'Graves', 'Rhaast', 'Senna', 'Jarvan', 'Vex', 'Kobuko', 'Viego', 'Alistar']",Aphelios
"['Alistar', 'Graves', 'Rhaast', 'Senna', 'Jarvan', 'Vex', 'Aphelios', 'Viego', 'Alistar']",Kobuko
"['Alistar', 'Graves', 'Rhaast', 'Senna', 'Jarvan', 'Vex', 'Aphelios', 'Kobuko', 'Alistar']",Viego
"['Alistar', 'Graves', 'Rhaast', 'Senna', 'Jarvan', 'Vex', 'Aphelios', 'Kobuko', 'Viego']",Alistar
"['Jax', 'Poppy', 'Jhin', 'Illaoi', 'Elise', 'Galio', 'Sejuani', 'Renekton', 'Aurora']",Morgana
"['Morgana', 'Poppy', 'Jhin', 'Illaoi', 'Elise', 'Galio', 'Sejuani', 'Renekton', 'Aurora']",Jax
"['Morgana', 'Jax', 'Jhin', 'Illaoi', 'Elise', 'Galio', 'Sejuani', 'Renekton', 'Aurora']",Poppy
"['Morgana', 'Jax', 'Poppy', 'Illaoi', 'Elise', 'Galio', 'Sejuani', 'Renekton', 'Aurora']",Jhin
"['Morgana', 'Jax', 'Poppy', 'Jhin', 'Elise', 'Galio', 'Sejuani', 'Renekton', 'Aurora']",Illaoi
"['Morgana', 'Jax', 'Poppy', 'Jhin', 'Illaoi', 'Galio', 'Sejuani', 'Renekton', 'Aurora']",Elise
"['Morgana', 'Jax', 'Poppy', 'Jhin', 'Illaoi', 'Elise', 'Sejuani', 'Renekton', 'Aurora']",Galio
"['Morgana', 'Jax', 'Poppy', 'Jhin', 'Illaoi', 'Elise', 'Galio', 'Renekton', 'Aurora']",Sejuani
"['Morgana', 'Jax', 'Poppy', 'Jhin', 'Illaoi', 'Elise', 'Galio', 'Sejuani', 'Aurora']",Renekton
"['Morgana', 'Jax', 'Poppy', 'Jhin', 'Illaoi', 'Elise', 'Galio', 'Sejuani', 'Renekton']",Aurora
"['Jhin', 'Varus', 'Mordekaiser', 'Sejuani', 'Zeri', 'Renekton', 'Urgot']",Jax
"['Jax', 'Varus', 'Mordekaiser', 'Sejuani', 'Zeri', 'Renekton', 'Urgot']",Jhin
"['Jax', 'Jhin', 'Mordekaiser', 'Sejuani', 'Zeri', 'Renekton', 'Urgot']",Varus
"['Jax', 'Jhin', 'Varus', 'Sejuani', 'Zeri', 'Renekton', 'Urgot']",Mordekaiser
"['Jax', 'Jhin', 'Varus', 'Mordekaiser', 'Zeri', 'Renekton', 'Urgot']",Sejuani
"['Jax', 'Jhin', 'Varus', 'Mordekaiser', 'Sejuani', 'Renekton', 'Urgot']",Zeri
"['Jax', 'Jhin', 'Varus', 'Mordekaiser', 'Sejuani', 'Zeri', 'Urgot']",Renekton
"['Jax', 'Jhin', 'Varus', 'Mordekaiser', 'Sejuani', 'Zeri', 'Renekton']",Urgot
"['Jax', 'Jhin', 'Varus', 'Mordekaiser', 'Vex', 'Sejuani', 'Renekton', 'Aurora']",Morgana
"['Morgana', 'Jhin', 'Varus', 'Mordekaiser', 'Vex', 'Sejuani', 'Renekton', 'Aurora']",Jax
"['Morgana', 'Jax', 'Varus', 'Mordekaiser', 'Vex', 'Sejuani', 'Renekton', 'Aurora']",Jhin
"['Morgana', 'Jax', 'Jhin', 'Mordekaiser', 'Vex', 'Sejuani', 'Renekton', 'Aurora']",Varus
"['Morgana', 'Jax', 'Jhin', 'Varus', 'Vex', 'Sejuani', 'Renekton', 'Aurora']",Mordekaiser
"['Morgana', 'Jax', 'Jhin', 'Varus', 'Mordekaiser', 'Sejuani', 'Renekton', 'Aurora']",Vex
"['Morgana', 'Jax', 'Jhin', 'Varus', 'Mordekaiser', 'Vex', 'Renekton', 'Aurora']",Sejuani
"['Morgana', 'Jax', 'Jhin', 'Varus', 'Mordekaiser', 'Vex', 'Sejuani', 'Aurora']",Renekton
"['Morgana', 'Jax', 'Jhin', 'Varus', 'Mordekaiser', 'Vex', 'Sejuani', 'Renekton']",Aurora
"['Ekko', 'Naafiri', 'Yuumi', 'Neeko', 'Ziggs', 'Annie', 'Samira', 'Zac']",NidaleeCougar
"['NidaleeCougar', 'Naafiri', 'Yuumi', 'Neeko', 'Ziggs', 'Annie', 'Samira', 'Zac']",Ekko
"['NidaleeCougar', 'Ekko', 'Yuumi', 'Neeko', 'Ziggs', 'Annie', 'Samira', 'Zac']",Naafiri
"['NidaleeCougar', 'Ekko', 'Naafiri', 'Neeko', 'Ziggs', 'Annie', 'Samira', 'Zac']",Yuumi
"['NidaleeCougar', 'Ekko', 'Naafiri', 'Yuumi', 'Ziggs', 'Annie', 'Samira', 'Zac']",Neeko
"['NidaleeCougar', 'Ekko', 'Naafiri', 'Yuumi', 'Neeko', 'Annie', 'Samira', 'Zac']",Ziggs
"['NidaleeCougar', 'Ekko', 'Naafiri', 'Yuumi', 'Neeko', 'Ziggs', 'Samira', 'Zac']",Annie
"['NidaleeCougar', 'Ekko', 'Naafiri', 'Yuumi', 'Neeko', 'Ziggs', 'Annie', 'Zac']",Samira
"['NidaleeCougar', 'Ekko', 'Naafiri', 'Yuumi', 'Neeko', 'Ziggs', 'Annie', 'Samira']",Zac
"['Jax', 'Jhin', 'Varus', 'Mordekaiser', 'Sejuani', 'Zeri', 'Zac', 'Kobuko']",Kindred
"['Kindred', 'Jhin', 'Varus', 'Mordekaiser', 'Sejuani', 'Zeri', 'Zac', 'Kobuko']",Jax
"['Kindred', 'Jax', 'Varus', 'Mordekaiser', 'Sejuani', 'Zeri', 'Zac', 'Kobuko']",Jhin
"['Kindred', 'Jax', 'Jhin', 'Mordekaiser', 'Sejuani', 'Zeri', 'Zac', 'Kobuko']",Varus
"['Kindred', 'Jax', 'Jhin', 'Varus', 'Sejuani', 'Zeri', 'Zac', 'Kobuko']",Mordekaiser
"['Kindred', 'Jax', 'Jhin', 'Varus', 'Mordekaiser', 'Zeri', 'Zac', 'Kobuko']",Sejuani
"['Kindred', 'Jax', 'Jhin', 'Varus', 'Mordekaiser', 'Sejuani', 'Zac', 'Kobuko']",Zeri
"['Kindred', 'Jax', 'Jhin', 'Varus', 'Mordekaiser', 'Sejuani', 'Zeri', 'Kobuko']",Zac
"['Kindred', 'Jax', 'Jhin', 'Varus', 'Mordekaiser', 'Sejuani', 'Zeri', 'Zac']",Kobuko
"['Ekko', 'Naafiri', 'Yuumi', 'Neeko', 'Annie', 'Samira', 'Zac', 'Garen']",NidaleeCougar
"['NidaleeCougar', 'Naafiri', 'Yuumi', 'Neeko', 'Annie', 'Samira', 'Zac', 'Garen']",Ekko
"['NidaleeCougar', 'Ekko', 'Yuumi', 'Neeko', 'Annie', 'Samira', 'Zac', 'Garen']",Naafiri
"['NidaleeCougar', 'Ekko', 'Naafiri', 'Neeko', 'Annie', 'Samira', 'Zac', 'Garen']",Yuumi
"['NidaleeCougar', 'Ekko', 'Naafiri', 'Yuumi', 'Annie', 'Samira', 'Zac', 'Garen']",Neeko
"['NidaleeCougar', 'Ekko', 'Naafiri', 'Yuumi', 'Neeko', 'Samira', 'Zac', 'Garen']",Annie
"['NidaleeCougar', 'Ekko', 'Naafiri', 'Yuumi', 'Neeko', 'Annie', 'Zac', 'Garen']",Samira
"['NidaleeCougar', 'Ekko', 'Naafiri', 'Yuumi', 'Neeko', 'Annie', 'Samira', 'Garen']",Zac
"['NidaleeCougar', 'Ekko', 'Naafiri', 'Yuumi', 'Neeko', 'Annie', 'Samira', 'Zac']",Garen
"['Poppy', 'Elise', 'Gragas', 'MissFortune', 'Zac', 'Renekton', 'Kobuko', 'Aurora']",Morgana
"['Morgana', 'Elise', 'Gragas', 'MissFortune', 'Zac', 'Renekton', 'Kobuko', 'Aurora']",Poppy
"['Morgana', 'Poppy', 'Gragas', 'MissFortune', 'Zac', 'Renekton', 'Kobuko', 'Aurora']",Elise
"['Morgana', 'Poppy', 'Elise', 'MissFortune', 'Zac', 'Renekton', 'Kobuko', 'Aurora']",Gragas
"['Morgana', 'Poppy', 'Elise', 'Gragas', 'Zac', 'Renekton', 'Kobuko', 'Aurora']",MissFortune
"['Morgana', 'Poppy', 'Elise', 'Gragas', 'MissFortune', 'Renekton', 'Kobuko', 'Aurora']",Zac
"['Morgana', 'Poppy', 'Elise', 'Gragas', 'MissFortune', 'Zac', 'Kobuko', 'Aurora']",Renekton
"['Morgana', 'Poppy', 'Elise', 'Gragas', 'MissFortune', 'Zac', 'Renekton', 'Aurora']",Kobuko
"['Morgana', 'Poppy', 'Elise', 'Gragas', 'MissFortune', 'Zac', 'Renekton', 'Kobuko']",Aurora
"['Alistar', 'Senna', 'Jarvan', 'Zed', 'Zac', 'Garen', 'Aurora', 'Viego', 'Renekton']",Morgana
"['Morgana', 'Senna', 'Jarvan', 'Zed', 'Zac', 'Garen', 'Aurora', 'Viego', 'Renekton']",Alistar
"['Morgana', 'Alistar', 'Jarvan', 'Zed', 'Zac', 'Garen', 'Aurora', 'Viego', 'Renekton']",Senna
"['Morgana', 'Alistar', 'Senna', 'Zed', 'Zac', 'Garen', 'Aurora', 'Viego', 'Renekton']",Jarvan
"['Morgana', 'Alistar', 'Senna', 'Jarvan', 'Zac', 'Garen', 'Aurora', 'Viego', 'Renekton']",Zed
"['Morgana', 'Alistar', 'Senna', 'Jarvan', 'Zed', 'Garen', 'Aurora', 'Viego', 'Renekton']",Zac
"['Morgana', 'Alistar', 'Senna', 'Jarvan', 'Zed', 'Zac', 'Aurora', 'Viego', 'Renekton']",Garen
"['Morgana', 'Alistar', 'Senna', 'Jarvan', 'Zed', 'Zac', 'Garen', 'Viego', 'Renekton']",Aurora
"['Morgana', 'Alistar', 'Senna', 'Jarvan', 'Zed', 'Zac', 'Garen', 'Aurora', 'Renekton']",Viego
"['Morgana', 'Alistar', 'Senna', 'Jarvan', 'Zed', 'Zac', 'Garen', 'Aurora', 'Viego']",Renekton
"['Ekko', 'Naafiri', 'Yuumi', 'Neeko', 'Annie', 'Samira', 'Samira', 'Garen', 'Viego']",NidaleeCougar
"['NidaleeCougar', 'Naafiri', 'Yuumi', 'Neeko', 'Annie', 'Samira', 'Samira', 'Garen', 'Viego']",Ekko
"['NidaleeCougar', 'Ekko', 'Yuumi', 'Neeko', 'Annie', 'Samira', 'Samira', 'Garen', 'Viego']",Naafiri
"['NidaleeCougar', 'Ekko', 'Naafiri', 'Neeko', 'Annie', 'Samira', 'Samira', 'Garen', 'Viego']",Yuumi
"['NidaleeCougar', 'Ekko', 'Naafiri', 'Yuumi', 'Annie', 'Samira', 'Samira', 'Garen', 'Viego']",Neeko
"['NidaleeCougar', 'Ekko', 'Naafiri', 'Yuumi', 'Neeko', 'Samira', 'Samira', 'Garen', 'Viego']",Annie
"['NidaleeCougar', 'Ekko', 'Naafiri', 'Yuumi', 'Neeko', 'Annie', 'Samira', 'Garen', 'Viego']",Samira
"['NidaleeCougar', 'Ekko', 'Naafiri', 'Yuumi', 'Neeko', 'Annie', 'Samira', 'Garen', 'Viego']",Samira
"['NidaleeCougar', 'Ekko', 'Naafiri', 'Yuumi', 'Neeko', 'Annie', 'Samira', 'Samira', 'Viego']",Garen
"['NidaleeCougar', 'Ekko', 'Naafiri', 'Yuumi', 'Neeko', 'Annie', 'Samira', 'Samira', 'Garen']",Viego
